"이름","카테고리","도로명주소","지번주소","일반전화","안심번호","영업시간","썸네일이미지URL","방문자 리뷰수","방문자 평점","블로그 리뷰수","위도","경도","매장정보","부가설명","홈페이지URL","사진리뷰수","상세페이지URL","해시태그","created_at"
"예쁨 현 의원","피부과","대전 서구 둔산로 34 8층 예쁨현의원","대전 서구 둔산동 1039","042-486-7075","","진료 중20:00에 진료 종료20시 0분에 진료 종료,목10:00 - 20:00,금10:00 - 20:00,토10:00 - 16:00,일정기휴무 (매주 일요일),월10:00 - 20:00,화10:00 - 20:00,수10:00 - 20:00접기","https://search.pstatic.net/common/?autoRotate=true&quality=100&type=f640_380&src=https%3A%2F%2Fldb-phinf.pstatic.net%2F20220414_107%2F1649922732404Rs0yn_JPEG%2FKakaoTalk_20220409_013602088.jpg","866","","643","36.3513987","127.3775316","주차, 예약, 남/녀 화장실 구분, 무선 인터넷","","http://prettyhyun.com/new2023/index.php","67","https://map.naver.com/p/search/%EB%8C%80%EC%A0%84%20%EC%84%9C%EA%B5%AC%20%ED%94%BC%EB%B6%80%EA%B3%BC/place/1625401459?c=11.00,0,0,0,dh","","2024-05-23 15:22:54 +0900"
"톡스앤필의원 대전둔산점","피부과","대전 서구 대덕대로 226 4층","대전 서구 둔산동 1362","042-488-5827","","진료 중20:30에 진료 종료20시 30분에 진료 종료,목10:30 - 20:30,금10:30 - 20:30,토10:30 - 17:00,일10:30 - 17:00,월10:30 - 20:30,화10:30 - 20:30,수10:30 - 20:30접기","https://search.pstatic.net/common/?autoRotate=true&quality=100&type=f640_380&src=https%3A%2F%2Fldb-phinf.pstatic.net%2F20240228_17%2F1709106088626kryBF_JPEG%2F%25B4%25EB%25C0%25FC%25B5%25D0%25BB%25EA.jpg","11702","","482","36.3527281","127.3798545","주차, 남/녀 화장실 구분, 무선 인터넷, 예약","","http://www.toxnfill13.com/","1165","https://map.naver.com/p/search/%EB%8C%80%EC%A0%84%20%EC%84%9C%EA%B5%AC%20%ED%94%BC%EB%B6%80%EA%B3%BC/place/1200593049?c=11.00,0,0,0,dh","","2024-05-23 15:22:56 +0900"
"바노바기의원 대전","피부과","대전 서구 대덕대로 222 강남프라자 3층","대전 서구 둔산동 1361","042-488-1600","","진료 중20:30에 진료 종료20시 30분에 진료 종료,목10:30 - 20:30,금10:30 - 20:30,토10:30 - 17:00,일10:30 - 17:00,월10:30 - 20:30,화10:30 - 20:30,수10:30 - 20:30접기","https://search.pstatic.net/common/?autoRotate=true&quality=100&type=f640_380&src=https%3A%2F%2Fldb-phinf.pstatic.net%2F20240126_203%2F1706265560251DA5ON_JPEG%2Fsearch.pstatic.jpg","318","","2114","36.3523842","127.379731","무선 인터넷, 예약, 남/녀 화장실 구분, 주차","","https://www.banobagiclinic3.com/","73","https://map.naver.com/p/search/%EB%8C%80%EC%A0%84%20%EC%84%9C%EA%B5%AC%20%ED%94%BC%EB%B6%80%EA%B3%BC/place/12951720?c=11.00,0,0,0,dh","","2024-05-23 15:22:57 +0900"
"연세피부과의원","피부과","대전 서구 계룡로 613","대전 서구 탄방동 90-6","042-527-2575","","진료 중18:00에 진료 종료18시 0분에 진료 종료,목09:00 - 18:0012:30 - 13:30 휴게시간,금09:00 - 18:0012:30 - 13:30 휴게시간,토09:00 - 13:00,일정기휴무 (매주 일요일),월09:00 - 18:0012:30 - 13:30 휴게시간,화09:00 - 18:0012:30 - 13:30 휴게시간,수09:00 - 18:0012:30 - 13:30 휴게시간,06/06 현충일 휴무접기","https://search.pstatic.net/common/?autoRotate=true&quality=100&type=f640_380&src=https%3A%2F%2Fldb-phinf.pstatic.net%2F20191206_258%2F1575624959330qiEfk_JPEG%2FuSFHwqm3rDoLBXGSX--1yDEb.jpg","446","","5","36.340321","127.3911787","","","","1","https://map.naver.com/p/search/%EB%8C%80%EC%A0%84%20%EC%84%9C%EA%B5%AC%20%ED%94%BC%EB%B6%80%EA%B3%BC/place/13246398?c=11.00,0,0,0,dh","","2024-05-23 15:23:17 +0900"
"레보필의원 대전둔산","피부과","대전 서구 대덕대로 189 3층 레보필 의원","대전 서구 둔산동 1046","1899-4009","","진료 중19:00에 접수마감19시 0분에 접수마감,목10:00 - 20:0013:00 - 14:00 휴게시간19:00 접수마감,금10:00 - 20:0013:00 - 14:00 휴게시간19:00 접수마감,토10:00 - 15:0014:00 접수마감,일정기휴무 (매주 일요일),월10:00 - 20:0013:00 - 14:00 휴게시간19:00 접수마감,화10:00 - 20:0013:00 - 14:00 휴게시간19:00 접수마감,수10:00 - 20:0013:00 - 14:00 휴게시간19:00 접수마감,06/06 현충일 휴무접기","https://search.pstatic.net/common/?autoRotate=true&quality=100&type=f640_380&src=https%3A%2F%2Fldb-phinf.pstatic.net%2F20240315_118%2F1710490666923oAUxh_PNG%2F%25B3%25D7%25C0%25CC%25B9%25F6%25BF%25EB_%25B7%25CE%25B0%25ED.png","362","","80","36.3502565","127.37739","예약, 무선 인터넷, 남/녀 화장실 구분, 대기공간, 주차","","https://booking.naver.com/booking/13/bizes/887316","48","https://map.naver.com/p/search/%EB%8C%80%EC%A0%84%20%EC%84%9C%EA%B5%AC%20%ED%94%BC%EB%B6%80%EA%B3%BC/place/1958825435?c=11.00,0,0,0,dh","","2024-05-23 15:23:19 +0900"
"잇츠미의원 대전","피부과","대전 서구 대덕대로 223 대우토피아 601호","대전 서구 둔산동 1033","0507-1433-6301","","진료 중20:00에 진료 종료20시 0분에 진료 종료,목10:00 - 20:0013:00 - 14:00 휴게시간,금10:00 - 20:0013:00 - 14:00 휴게시간,토10:00 - 16:00,일정기휴무 (매주 일요일),월10:00 - 20:0013:00 - 14:00 휴게시간,화10:00 - 20:0013:00 - 14:00 휴게시간,수10:00 - 20:0013:00 - 14:00 휴게시간접기","https://search.pstatic.net/common/?autoRotate=true&quality=100&type=f640_380&src=https%3A%2F%2Fldb-phinf.pstatic.net%2F20220408_87%2F1649408188589u9lhO_JPEG%2FKakaoTalk_20220405_161401880_01.jpg","1698","","345","36.3529106","127.3788486","예약, 무선 인터넷, 남/녀 화장실 구분, 주차","","http://itsme-clinic.kr/","383","https://map.naver.com/p/search/%EB%8C%80%EC%A0%84%20%EC%84%9C%EA%B5%AC%20%ED%94%BC%EB%B6%80%EA%B3%BC/place/1413799918?c=11.00,0,0,0,dh","","2024-05-23 15:23:19 +0900"
"더블유피부과의원 둔산","피부과","대전 서구 대덕대로 195 현대빌딩 3, 4층","대전 서구 둔산동 1043","042-471-1115","","진료 중19:00에 진료 종료19시 0분에 진료 종료,목10:00 - 19:0013:00 - 14:00 휴게시간,금10:00 - 20:0013:00 - 14:00 휴게시간,토10:00 - 15:00,일정기휴무 (매주 일요일),월10:00 - 19:0013:00 - 14:00 휴게시간,화10:00 - 19:0013:00 - 14:00 휴게시간,수10:00 - 19:0013:00 - 14:00 휴게시간,06/06 현충일 휴무,- 토요일 점심시간 없음접기","https://search.pstatic.net/common/?autoRotate=true&quality=100&type=f640_380&src=https%3A%2F%2Fldb-phinf.pstatic.net%2F20170228_201%2F14882575780342h1Im_JPEG%2F186178538276947_0.jpeg","340","","210","36.3507333","127.3776807","","","https://www.wskin-ds.com","6","https://map.naver.com/p/search/%EB%8C%80%EC%A0%84%20%EC%84%9C%EA%B5%AC%20%ED%94%BC%EB%B6%80%EA%B3%BC/place/11702271?c=11.00,0,0,0,dh","","2024-05-23 15:23:19 +0900"
"팝의원","피부과","대전 서구 대덕대로175번길 16 5층","대전 서구 둔산동 1112","0507-1320-7530","","진료 중20:00에 진료 종료20시 0분에 진료 종료,목10:00 - 20:0013:00 - 14:00 휴게시간,금10:00 - 20:0013:00 - 14:00 휴게시간,토10:00 - 16:00,일정기휴무 (매주 일요일),월10:00 - 20:0013:00 - 14:00 휴게시간,화10:00 - 20:0013:00 - 14:00 휴게시간,수10:00 - 20:0013:00 - 14:00 휴게시간,06/06 현충일 휴무접기","https://search.pstatic.net/common/?autoRotate=true&quality=100&type=f640_380&src=https%3A%2F%2Fldb-phinf.pstatic.net%2F20230530_92%2F1685437164972M3fVU_JPEG%2F01.jpg","243","","163","36.3496763","127.3763057","주차, 무선 인터넷, 예약, 남/녀 화장실 구분","","http://popclinic1.com/","47","https://map.naver.com/p/search/%EB%8C%80%EC%A0%84%20%EC%84%9C%EA%B5%AC%20%ED%94%BC%EB%B6%80%EA%B3%BC/place/1472430170?c=11.00,0,0,0,dh","","2024-05-23 15:23:20 +0900"
"더웰피부과의원","피부과","대전 서구 구봉로131번길 49","대전 서구 관저동 1513","042-335-7575","","진료 중19:00에 진료 종료19시 0분에 진료 종료,목09:30 - 19:0013:00 - 14:00 휴게시간,금09:30 - 19:0013:00 - 14:00 휴게시간,토09:00 - 15:00,일정기휴무 (매주 일요일),월09:30 - 19:0013:00 - 14:00 휴게시간,화09:30 - 19:0013:00 - 14:00 휴게시간,수09:30 - 19:0013:00 - 14:00 휴게시간,06/06 현충일 휴무접기","https://search.pstatic.net/common/?autoRotate=true&quality=100&type=f640_380&src=https%3A%2F%2Fldb-phinf.pstatic.net%2F20180506_260%2F1525617952207FsBBd_JPEG%2Fthi4TKc_92NUzUYjiBc1m68Z.jpg","1772","","10","36.2986539","127.3371832","무선 인터넷, 주차, 남/녀 화장실 구분","","http://www.wellpibu.net","20","https://map.naver.com/p/search/%EB%8C%80%EC%A0%84%20%EC%84%9C%EA%B5%AC%20%ED%94%BC%EB%B6%80%EA%B3%BC/place/1815321623?c=11.00,0,0,0,dh","","2024-05-23 15:23:20 +0900"
"초이스뷰의원","피부과","대전 서구 둔산로 20 5층","대전 서구 둔산동 1072","042-486-4842","","진료 중19:00에 진료 종료19시 0분에 진료 종료,목10:30 - 19:0013:00 - 14:00 휴게시간,금10:30 - 19:0013:00 - 14:00 휴게시간,토10:00 - 15:00,일정기휴무 (매주 일요일),월10:30 - 19:0013:00 - 14:00 휴게시간,화10:30 - 19:0013:00 - 14:00 휴게시간,수정기휴무 (매주 수요일),06/06 현충일 휴무,- 공휴일 휴무접기","https://search.pstatic.net/common/?autoRotate=true&quality=100&type=f640_380&src=https%3A%2F%2Fldb-phinf.pstatic.net%2F20200731_239%2F1596153826368bD68P_JPEG%2F2Iaua9XFaJTjWhhqrmlbkBxj.JPG.jpg","3154","","979","36.3517838","127.3763187","남/녀 화장실 구분","","http://choice-view.com/","11","https://map.naver.com/p/search/%EB%8C%80%EC%A0%84%20%EC%84%9C%EA%B5%AC%20%ED%94%BC%EB%B6%80%EA%B3%BC/place/1427368502?c=11.00,0,0,0,dh","","2024-05-23 15:23:20 +0900"
"연세모벨르의원 대전둔산점","피부과","대전 서구 둔산로 52 미라클빌딩 5층 504호","대전 서구 둔산동 1169","042-485-7564","","진료 중18:30에 진료 종료18시 30분에 진료 종료,목10:00 - 18:3012:00 - 13:00 휴게시간,금10:00 - 18:3012:00 - 13:00 휴게시간,토10:00 - 14:00,일정기휴무 (매주 일요일),월10:00 - 18:3012:00 - 13:00 휴게시간,화10:00 - 18:3012:00 - 13:00 휴게시간,수14:00 - 20:00,06/06 현충일 휴무접기","https://search.pstatic.net/common/?autoRotate=true&quality=100&type=f640_380&src=https%3A%2F%2Fldb-phinf.pstatic.net%2F20160926_293%2F1474864355521zidwr_JPEG%2F176876536254376_0.jpeg","82","","230","36.3511213","127.3798371","","","http://www.mobelledj.co.kr/","1","https://map.naver.com/p/search/%EB%8C%80%EC%A0%84%20%EC%84%9C%EA%B5%AC%20%ED%94%BC%EB%B6%80%EA%B3%BC/place/20108563?c=11.00,0,0,0,dh","","2024-05-23 15:23:22 +0900"
"굿닥터의원","성형외과","대전 서구 월평로 58","대전 서구 월평동 911","042-482-7577","","진료 중17:00에 진료 종료17시 0분에 진료 종료,목09:00 - 17:0012:30 - 14:00 휴게시간,금09:00 - 17:0012:30 - 14:00 휴게시간,토08:00 - 12:00,일정기휴무 (매주 일요일),월09:00 - 17:0012:30 - 14:00 휴게시간,화09:00 - 17:0012:30 - 14:00 휴게시간,수09:00 - 17:0012:30 - 14:00 휴게시간,06/06 현충일 휴무접기","https://search.pstatic.net/common/?autoRotate=true&quality=100&type=f640_380&src=https%3A%2F%2Fldb-phinf.pstatic.net%2F20190131_71%2F15489149930042tLur_JPEG%2Fg73vqxsbyzdeHw3-oYZFMI4h.jpg","277","","3","36.3559696","127.3633611","","","","4","https://map.naver.com/p/search/%EB%8C%80%EC%A0%84%20%EC%84%9C%EA%B5%AC%20%ED%94%BC%EB%B6%80%EA%B3%BC/place/37637377?c=11.00,0,0,0,dh","","2024-05-23 15:23:22 +0900"
"타임피부과의원","피부과","대전 서구 둔산중로 50 파이낸스타워 3층","대전 서구 둔산동 1413","042-488-0770","","오늘 휴무매주 목요일 휴무매주 목요일 휴무,목정기휴무 (매주 목요일),금10:00 - 20:0013:00 - 14:00 휴게시간12:00, 19:00 접수마감,토10:00 - 16:0013:00 - 14:00 휴게시간12:00, 15:00 접수마감,일정기휴무 (매주 일요일),월10:00 - 20:0013:00 - 14:00 휴게시간12:00, 19:00 접수마감,화10:00 - 19:0013:00 - 14:00 휴게시간12:00, 18:00 접수마감,수10:00 - 19:0013:00 - 14:00 휴게시간12:00, 18:00 접수마감,06/06 현충일 휴무,- 매주 목요일 휴무(공휴일 있는 주는 정상진료)접기","https://search.pstatic.net/common/?autoRotate=true&quality=100&type=f640_380&src=https%3A%2F%2Fldb-phinf.pstatic.net%2F20240311_86%2F1710124342082bAeGw_JPEG%2FKakaoTalk_20231122_162734379_04.jpg","406","","502","36.3509285","127.3871125","주차, 남/녀 화장실 구분, 예약, 무선 인터넷","","https://blog.naver.com/timeland2/","21","https://map.naver.com/p/search/%EB%8C%80%EC%A0%84%20%EC%84%9C%EA%B5%AC%20%ED%94%BC%EB%B6%80%EA%B3%BC/place/1398877189?c=11.00,0,0,0,dh","","2024-05-23 15:23:23 +0900"
"블리비의원 대전점","피부과","대전 서구 대덕대로 227 동서빌딩 8층","대전 서구 둔산동 1032","1833-6343","","진료 중20:00에 진료 종료20시 0분에 진료 종료,목10:00 - 20:0014:00 - 15:00 휴게시간,금10:00 - 20:0014:00 - 15:00 휴게시간,토10:00 - 16:30,일정기휴무 (매주 일요일),월10:00 - 20:0014:00 - 15:00 휴게시간,화10:00 - 20:0014:00 - 15:00 휴게시간,수10:00 - 20:0014:00 - 15:00 휴게시간,06/06 현충일 휴무접기","https://search.pstatic.net/common/?autoRotate=true&quality=100&type=f640_380&src=https%3A%2F%2Fldb-phinf.pstatic.net%2F20211213_134%2F1639367294134C2bhw_JPEG%2F__________%252B%25281%2529.jpg","1185","","20","36.3531329","127.378921","무선 인터넷, 주차, 남/녀 화장실 구분","","http://www.velyb.kr","61","https://map.naver.com/p/search/%EB%8C%80%EC%A0%84%20%EC%84%9C%EA%B5%AC%20%ED%94%BC%EB%B6%80%EA%B3%BC/place/1320390712?c=11.00,0,0,0,dh","","2024-05-23 15:23:24 +0900"
"올리프트의원","피부과","대전 서구 대덕대로 223 4층 403호","대전 서구 둔산동 1033 층 403호","042-719-7827","","진료 중20:00에 진료 종료20시 0분에 진료 종료,목10:00 - 20:00,금10:00 - 20:00,토10:00 - 16:30,일10:00 - 16:30,월10:00 - 20:00,화10:00 - 20:00,수10:00 - 20:00접기","https://search.pstatic.net/common/?autoRotate=true&quality=100&type=f640_380&src=https%3A%2F%2Fldb-phinf.pstatic.net%2F20211020_266%2F1634702806249JImFe_JPEG%2FEMtRbFtHaFzLfAEVNyZBIvI1.jpg","4452","","171","36.3528885","127.3789592","예약, 주차, 무선 인터넷, 남/녀 화장실 구분","","http://www.allift.co.kr","914","https://map.naver.com/p/search/%EB%8C%80%EC%A0%84%20%EC%84%9C%EA%B5%AC%20%ED%94%BC%EB%B6%80%EA%B3%BC/place/1837907162?c=11.00,0,0,0,dh","","2024-05-23 15:23:24 +0900"
"둔산DS피부과의원","피부과","대전 서구 대덕대로 183","대전 서구 둔산동 1109","042-471-1675","","진료 중19:00에 진료 종료19시 0분에 진료 종료,목10:00 - 19:0012:50 - 13:50 휴게시간,금10:00 - 19:0012:50 - 13:50 휴게시간,토10:00 - 16:0012:50 - 13:50 휴게시간,일정기휴무 (매주 일요일),월10:00 - 19:0012:50 - 13:50 휴게시간,화13:00 - 19:00,수10:00 - 19:0012:50 - 13:50 휴게시간,06/06 현충일 휴무접기","https://search.pstatic.net/common/?autoRotate=true&quality=100&type=f640_380&src=https%3A%2F%2Fldb-phinf.pstatic.net%2F20180818_124%2F15345763022804lE79_JPEG%2FgESYxpHj2Q6cdMUPAdtTlCMK.jpg","481","","5","36.3496557","127.3768778","주차, 무선 인터넷, 남/녀 화장실 구분","","http://www.goodskin.co.kr/","10","https://map.naver.com/p/search/%EB%8C%80%EC%A0%84%20%EC%84%9C%EA%B5%AC%20%ED%94%BC%EB%B6%80%EA%B3%BC/place/11575391?c=11.00,0,0,0,dh","","2024-05-23 15:23:25 +0900"
"메이드유의원 대전점","피부과","대전 서구 둔산로31번길 10-23 4층 메이드유의원 대전점","대전 서구 둔산동 1014","042-638-7599","","진료 중20:00에 진료 종료20시 0분에 진료 종료,목10:00 - 20:0014:00 - 15:00 휴게시간,금10:00 - 20:0014:00 - 15:00 휴게시간,토10:00 - 16:00,일정기휴무 (매주 일요일),월10:00 - 20:0014:00 - 15:00 휴게시간,화10:00 - 20:0014:00 - 15:00 휴게시간,수10:00 - 20:0014:00 - 15:00 휴게시간접기","https://search.pstatic.net/common/?autoRotate=true&quality=100&type=f640_380&src=https%3A%2F%2Fldb-phinf.pstatic.net%2F20230717_280%2F1689566381450ownoH_JPEG%2F20191107_095111.jpg","138","","14","36.3528959","127.3781973","예약, 남/녀 화장실 구분, 주차, 발렛파킹","","http://dj.madeu.co.kr/new2018/index.php","9","https://map.naver.com/p/search/%EB%8C%80%EC%A0%84%20%EC%84%9C%EA%B5%AC%20%ED%94%BC%EB%B6%80%EA%B3%BC/place/1980118772?c=11.00,0,0,0,dh","","2024-05-23 15:23:25 +0900"
"이종성피부과의원","피부과","대전 서구 도산로 45","대전 서구 도마동 174-4","042-585-1402","","진료 중18:00에 진료 종료18시 0분에 진료 종료,목09:00 - 18:0012:30 - 14:00 휴게시간,금09:00 - 18:0012:30 - 14:00 휴게시간,토09:00 - 12:00,일정기휴무 (매주 일요일),월09:00 - 18:0012:30 - 14:00 휴게시간,화09:00 - 18:0012:30 - 14:00 휴게시간,수09:00 - 18:0012:30 - 14:00 휴게시간,06/06 현충일 휴무접기","https://search.pstatic.net/common/?autoRotate=true&quality=100&type=f640_380&src=https%3A%2F%2Fldb-phinf.pstatic.net%2F20200624_254%2F15929680679812g1Ia_JPEG%2Fji0UmO0mpZKaQzhmB2NsqeMn.jpg","740","","6","36.3126971","127.3803038","","","","15","https://map.naver.com/p/search/%EB%8C%80%EC%A0%84%20%EC%84%9C%EA%B5%AC%20%ED%94%BC%EB%B6%80%EA%B3%BC/place/12075337?c=11.00,0,0,0,dh","","2024-05-23 15:23:27 +0900"
"차종식피부과의원","피부과","대전 서구 둔산중로 19 2층 213호","대전 서구 탄방동 590","042-483-7606","","진료 중17:20에 접수마감17시 20분에 접수마감,목09:30 - 17:3012:10 - 13:30 휴게시간17:20 접수마감,금09:30 - 17:3012:10 - 13:30 휴게시간17:20 접수마감,토09:30 - 14:3012:10 - 13:30 휴게시간14:20 접수마감,일정기휴무 (매주 일요일),월09:30 - 17:3012:10 - 13:30 휴게시간17:20 접수마감,화09:30 - 17:3012:10 - 13:30 휴게시간17:20 접수마감,수정기휴무 (매주 수요일),06/06 현충일 휴무,- 오전진료는 12:00접수마감 오후진료는17:20접수마감접기","","546","","14","36.3486114","127.3860369","","","","10","https://map.naver.com/p/search/%EB%8C%80%EC%A0%84%20%EC%84%9C%EA%B5%AC%20%ED%94%BC%EB%B6%80%EA%B3%BC/place/13246110?c=11.00,0,0,0,dh","","2024-05-23 15:23:31 +0900"
"아이엠피부과의원","피부과","대전 서구 계룡로 599 604호","대전 서구 탄방동 91-23","042-533-1212","","진료 중19:00에 진료 종료19시 0분에 진료 종료,목10:00 - 19:0013:00 - 14:00 휴게시간,금10:00 - 20:0013:00 - 14:00 휴게시간,토10:00 - 15:00,일정기휴무 (매주 일요일),월10:00 - 19:0013:00 - 14:00 휴게시간,화10:00 - 19:0013:00 - 14:00 휴게시간,수10:00 - 19:0013:00 - 14:00 휴게시간,06/06 현충일 휴무접기","https://search.pstatic.net/common/?autoRotate=true&quality=100&type=f640_380&src=https%3A%2F%2Fldb-phinf.pstatic.net%2F20190703_101%2F1562121296916PtVCd_JPEG%2FKITPOWRVdIh-pQ3Ilto4JWE7.jpeg.jpg","929","","518","36.3412745","127.3901976","","","http://www.imclinics.co.kr/","14","https://map.naver.com/p/search/%EB%8C%80%EC%A0%84%20%EC%84%9C%EA%B5%AC%20%ED%94%BC%EB%B6%80%EA%B3%BC/place/1526314176?c=11.00,0,0,0,dh","","2024-05-23 15:23:32 +0900"
"킴벨피부과병원","피부과","대전 서구 대덕대로 238","대전 서구 둔산동 1367","042-471-7575","","진료 중18:00에 진료 종료18시 0분에 진료 종료,목09:00 - 18:0013:00 - 14:00 휴게시간,금09:00 - 18:0013:00 - 14:00 휴게시간,토08:30 - 13:00,일정기휴무 (매주 일요일),월09:00 - 18:0013:00 - 14:00 휴게시간,화09:00 - 18:0013:00 - 14:00 휴게시간,수09:00 - 18:0013:00 - 14:00 휴게시간,06/06 현충일 휴무접기","https://search.pstatic.net/common/?autoRotate=true&quality=100&type=f640_380&src=https%3A%2F%2Fldb-phinf.pstatic.net%2F20221223_209%2F1671753784957NxtiB_JPEG%2F%25B1%25D7%25B8%25B21.jpg","1755","","1198","36.3541858","127.3798562","예약, 남/녀 화장실 구분, 무선 인터넷, 주차","","https://blog.naver.com/kimbelle_dr","20","https://map.naver.com/p/search/%EB%8C%80%EC%A0%84%20%EC%84%9C%EA%B5%AC%20%ED%94%BC%EB%B6%80%EA%B3%BC/place/12096116?c=11.00,0,0,0,dh","","2024-05-23 15:23:44 +0900"
"미탐의원 대전","피부과","대전 서구 대덕대로 197 영남빌딩 3층","대전 서구 둔산동 1042","042-489-1175","","진료 중20:00에 진료 종료20시 0분에 진료 종료,목10:00 - 20:0013:00 - 14:00 휴게시간,금10:00 - 20:0013:00 - 14:00 휴게시간,토10:00 - 15:00,일정기휴무 (매주 일요일),월10:00 - 20:0013:00 - 14:00 휴게시간,화10:00 - 20:0013:00 - 14:00 휴게시간,수10:00 - 20:0013:00 - 14:00 휴게시간,06/06 현충일 휴무,- [토요일] 점심시간 없이진료 및 2째주, 4째주 휴진접기","https://search.pstatic.net/common/?autoRotate=true&quality=100&type=f640_380&src=https%3A%2F%2Fldb-phinf.pstatic.net%2F20220204_53%2F16439552066460rTpI_JPEG%2FKakaoTalk_20220204_144243234_02.jpg","141","","638","36.3508832","127.3777058","예약, 주차, 남/녀 화장실 구분","","http://www.mitam-dj.com/","10","https://map.naver.com/p/search/%EB%8C%80%EC%A0%84%20%EC%84%9C%EA%B5%AC%20%ED%94%BC%EB%B6%80%EA%B3%BC/place/19782468?c=11.00,0,0,0,dh","","2024-05-23 15:23:45 +0900"
"수목토연합의원","내과","대전 서구 도안동로 177 엘드수목토아파트상가 206호","대전 서구 도안동 1364","042-544-8005","","진료 중18:50에 접수마감18시 50분에 접수마감,목09:00 - 19:0012:30 - 14:00 휴게시간18:50 접수마감,금09:00 - 19:0012:30 - 14:00 휴게시간18:50 접수마감,토09:00 - 14:0013:50 접수마감,일정기휴무 (매주 일요일),월09:00 - 19:0012:30 - 14:00 휴게시간18:50 접수마감,화09:00 - 19:0012:30 - 14:00 휴게시간18:50 접수마감,수09:00 - 19:0012:30 - 14:00 휴게시간18:50 접수마감,06/06 현충일 휴무접기","https://search.pstatic.net/common/?autoRotate=true&quality=100&type=f640_380&src=https%3A%2F%2Fldb-phinf.pstatic.net%2F20150901_209%2F14410581795662zgJr_JPEG%2FSUBMIT_1407308186166_33407013.jpg","340","","12","36.3206462","127.344217","주차, 남/녀 화장실 구분","","","6","https://map.naver.com/p/search/%EB%8C%80%EC%A0%84%20%EC%84%9C%EA%B5%AC%20%ED%94%BC%EB%B6%80%EA%B3%BC/place/33407013?c=11.00,0,0,0,dh","","2024-05-23 15:23:45 +0900"
"미델의원","피부과","대전 서구 관저중로 72 메디컬센터 203호","대전 서구 관저동 1105","0507-1313-2356","","진료 중20:00에 진료 종료20시 0분에 진료 종료,목10:00 - 20:0013:00 - 14:00 휴게시간,금10:00 - 19:0013:00 - 14:00 휴게시간,토10:00 - 16:00,일정기휴무 (매주 일요일),월10:00 - 20:0013:00 - 14:00 휴게시간,화10:00 - 19:0013:00 - 14:00 휴게시간,수정기휴무 (매주 수요일),06/06 현충일 휴무,- 공휴일이 있는 주는 수요일 진료합니다.접기","https://search.pstatic.net/common/?autoRotate=true&quality=100&type=f640_380&src=https%3A%2F%2Fldb-phinf.pstatic.net%2F20240429_105%2F1714367606738xE03f_PNG%2F5%25BF%25F9%25C1%25F8%25B7%25E1%25C0%25CF%25C1%25A4.png","173","","2","36.2986066","127.335289","무선 인터넷, 주차","","https://middel.modoo.at/","4","https://map.naver.com/p/search/%EB%8C%80%EC%A0%84%20%EC%84%9C%EA%B5%AC%20%ED%94%BC%EB%B6%80%EA%B3%BC/place/1839553270?c=11.00,0,0,0,dh","","2024-05-23 15:23:45 +0900"
"스노우의원 대전둔산","피부과","대전 서구 대덕대로241번길 19 ST타워 4층 404~406호","대전 서구 둔산동 1019","0507-1483-7902","","진료 중19:30에 접수마감19시 30분에 접수마감,목10:30 - 20:3013:30 - 14:30 휴게시간19:30 접수마감,금10:30 - 20:3013:30 - 14:30 휴게시간19:30 접수마감,토10:00 - 16:0015:00 접수마감,일정기휴무 (매주 일요일),월10:30 - 20:3013:30 - 14:30 휴게시간19:30 접수마감,화10:30 - 20:3013:30 - 14:30 휴게시간19:30 접수마감,수10:30 - 20:3013:30 - 14:30 휴게시간19:30 접수마감,- 홈페이지, SNS 등을 통하여 공휴일 진료일정 안내접기","https://search.pstatic.net/common/?autoRotate=true&quality=100&type=f640_380&src=https%3A%2F%2Fldb-phinf.pstatic.net%2F20231024_157%2F1698128372666SQTpW_JPEG%2FKakaoTalk_20231024_145456600.jpg","1242","","620","36.3541051","127.3783101","예약, 무선 인터넷, 남/녀 화장실 구분, 주차","","","446","https://map.naver.com/p/search/%EB%8C%80%EC%A0%84%20%EC%84%9C%EA%B5%AC%20%ED%94%BC%EB%B6%80%EA%B3%BC/place/1964834355?c=11.00,0,0,0,dh","","2024-05-23 15:23:45 +0900"
"털보헤어플러스의원","피부과","대전 서구 계룡로 605 상아빌딩 8층","대전 서구 탄방동 90-1","042-483-5875","","진료 중17:30에 접수마감17시 30분에 접수마감,목10:00 - 18:0012:00 - 13:00 휴게시간17:30 접수마감,금10:00 - 18:0012:00 - 13:00 휴게시간17:30 접수마감,토10:00 - 15:0012:00 - 13:00 휴게시간14:30 접수마감,일정기휴무 (매주 일요일),월10:00 - 18:0012:00 - 13:00 휴게시간17:30 접수마감,화10:00 - 18:0012:00 - 13:00 휴게시간17:30 접수마감,수10:00 - 18:0012:00 - 13:00 휴게시간17:30 접수마감,06/06 현충일 휴무접기","https://search.pstatic.net/common/?autoRotate=true&quality=100&type=f640_380&src=https%3A%2F%2Fldb-phinf.pstatic.net%2F20230807_211%2F16913957993363HjaN_JPEG%2FKakaoTalk_Photo_2023-08-07-17-09-47.jpeg","48","","8","36.3409408","127.3905193","","","http://www.telbo.co.kr/","1","https://map.naver.com/p/search/%EB%8C%80%EC%A0%84%20%EC%84%9C%EA%B5%AC%20%ED%94%BC%EB%B6%80%EA%B3%BC/place/11713620?c=11.00,0,0,0,dh","","2024-05-23 15:23:45 +0900"
"엘케이피부과의원","피부과","대전 서구 둔산로 52 2층","대전 서구 둔산동 1169","0507-1397-0050","","진료 종료09:00에 진료 시작9시 0분에 진료 시작,목09:00 - 12:00,금09:00 - 18:0013:00 - 14:00 휴게시간,토09:00 - 13:00,일정기휴무 (매주 일요일),월09:00 - 18:0013:00 - 14:00 휴게시간,화09:00 - 20:0013:00 - 14:00 휴게시간,수09:00 - 18:0013:00 - 14:00 휴게시간,06/06 현충일 휴무,- 5/1(수) 휴진,5/6(월) 휴진,5/15(수) 휴진접기","https://search.pstatic.net/common/?autoRotate=true&quality=100&type=f640_380&src=https%3A%2F%2Fldb-phinf.pstatic.net%2F20240216_131%2F1708059308989xTiAp_JPEG%2F%25BF%25A4%25C4%25C9%25C0%25CC%25C7%25C7%25BA%25CE%25B0%25FA_240131_1.jpg","435","","534","36.3510512","127.379804","예약, 주차, 남/녀 화장실 구분, 장애인 편의시설","","http://lkclinic.com/","7","https://map.naver.com/p/search/%EB%8C%80%EC%A0%84%20%EC%84%9C%EA%B5%AC%20%ED%94%BC%EB%B6%80%EA%B3%BC/place/31077695?c=11.00,0,0,0,dh","","2024-05-23 15:23:45 +0900"
"대전더마스터의원","피부과","대전 서구 대덕대로 244 건국타워 4층","대전 서구 둔산동 1368","042-486-7773","","오늘 휴무매주 목요일 휴무매주 목요일 휴무,목정기휴무 (매주 목요일),금13:00 - 20:0019:00 접수마감,토10:00 - 14:0013:00 접수마감,일정기휴무 (매주 일요일),월10:00 - 19:0012:30 - 14:00 휴게시간18:00 접수마감,화13:00 - 20:0019:00 접수마감,수10:00 - 19:0012:30 - 14:00 휴게시간18:00 접수마감,06/06 현충일 휴무접기","https://search.pstatic.net/common/?autoRotate=true&quality=100&type=f640_380&src=https%3A%2F%2Fldb-phinf.pstatic.net%2F20190508_36%2F1557307820325LI4ch_JPEG%2FJSzAXLW1qw50NiMNrraeRUbj.jpg","127","","231","36.354516","127.3799811","주차, 예약, 무선 인터넷, 남/녀 화장실 구분","","https://blog.naver.com/dermaster1","2","https://map.naver.com/p/search/%EB%8C%80%EC%A0%84%20%EC%84%9C%EA%B5%AC%20%ED%94%BC%EB%B6%80%EA%B3%BC/place/1759402979?c=11.00,0,0,0,dh","","2024-05-23 15:23:46 +0900"
"유앤아이의원 대전점","피부과","대전 서구 대덕대로 189 5층, 6층","대전 서구 둔산동 1046","0507-1398-6025","","진료 중20:30에 진료 종료20시 30분에 진료 종료,목10:30 - 20:30,금10:30 - 20:30,토10:30 - 17:00,일정기휴무 (매주 일요일),월10:30 - 20:30,화10:30 - 20:30,수10:30 - 20:30접기","https://search.pstatic.net/common/?autoRotate=true&quality=100&type=f640_380&src=https%3A%2F%2Fldb-phinf.pstatic.net%2F20231026_195%2F1698285391975Siy3F_JPEG%2F%25C0%25AF%25BE%25D8%25BE%25C6%25C0%25CC.jpg","704","","200","36.3502308","127.3773439","예약, 남/녀 화장실 구분, 무선 인터넷, 주차","","https://www.djuni114.co.kr/","219","https://map.naver.com/p/search/%EB%8C%80%EC%A0%84%20%EC%84%9C%EA%B5%AC%20%ED%94%BC%EB%B6%80%EA%B3%BC/place/1766981596?c=11.00,0,0,0,dh","","2024-05-23 15:23:47 +0900"
"카라의원","피부과","대전 서구 둔산로 26 5층","대전 서구 둔산동 1071","042-489-0005","","진료 중19:00에 진료 종료19시 0분에 진료 종료,목10:00 - 19:00,금10:00 - 19:00,토10:00 - 14:00,일정기휴무 (매주 일요일),월10:00 - 19:00,화10:00 - 19:00,수14:00 - 21:00,06/06 현충일 휴무접기","https://search.pstatic.net/common/?autoRotate=true&quality=100&type=f640_380&src=https%3A%2F%2Fldb-phinf.pstatic.net%2F20210728_54%2F1627441810379UYdFF_JPEG%2FR5pAbSK-UF7moMpV_nCOSBt3.jpg","90","","325","36.3517784","127.3767875","주차, 무선 인터넷, 예약, 남/녀 화장실 구분","","http://www.caraclinic.net/","5","https://map.naver.com/p/search/%EB%8C%80%EC%A0%84%20%EC%84%9C%EA%B5%AC%20%ED%94%BC%EB%B6%80%EA%B3%BC/place/1284580745?c=11.00,0,0,0,dh","","2024-05-23 15:23:52 +0900"
"엠제이피부과의원","피부과","대전 서구 대덕대로 179 엠제이피부과 굿모닝어학원 13층","대전 서구 둔산동 1110","042-471-0880","","진료 중19:00에 진료 종료19시 0분에 진료 종료,목10:00 - 19:0013:00 - 14:00 휴게시간,금10:00 - 19:0013:00 - 14:00 휴게시간,토09:00 - 15:30,일정기휴무 (매주 일요일),월10:00 - 19:0013:00 - 14:00 휴게시간,화10:00 - 19:0013:00 - 14:00 휴게시간,수10:00 - 19:0013:00 - 14:00 휴게시간,06/06 현충일 휴무,- 김경훈 대표원장님 매주 목요일 휴진입니다.접기","https://search.pstatic.net/common/?autoRotate=true&quality=100&type=f640_380&src=https%3A%2F%2Fldb-phinf.pstatic.net%2F20240305_201%2F1709612661679l4UrT_PNG%2F%25C1%25A6%25B8%25F1_%25BE%25F8%25C0%25BD.png","1060","","119","36.349522","127.3765301","예약, 무선 인터넷, 남/녀 화장실 구분, 대기공간, 주차","","https://www.youtube.com/@mjskin","29","https://map.naver.com/p/search/%EB%8C%80%EC%A0%84%20%EC%84%9C%EA%B5%AC%20%ED%94%BC%EB%B6%80%EA%B3%BC/place/11534680?c=11.00,0,0,0,dh","","2024-05-23 15:23:54 +0900"
"오렌지나무의원","피부과","대전 서구 대덕대로 164","대전 서구 갈마동 1435","0507-1388-1575","","진료 중19:00에 진료 종료19시 0분에 진료 종료,목10:00 - 19:0013:00 - 14:00 휴게시간,금10:00 - 19:0013:00 - 14:00 휴게시간,토10:00 - 14:00,일정기휴무 (매주 일요일),월10:00 - 19:0013:00 - 14:00 휴게시간,화10:00 - 20:0013:00 - 14:00 휴게시간,수14:00 - 18:00,06/06 현충일 휴무,- 마감 한시간 전까지만 예약이 가능합니다접기","https://search.pstatic.net/common/?autoRotate=true&quality=100&type=f640_380&src=https%3A%2F%2Fldb-phinf.pstatic.net%2F20150831_41%2F1441018711659VmH8H_JPEG%2FSUBMIT_1416043984414_19847004.jpg","212","","274","36.3477131","127.3767044","예약, 남/녀 화장실 구분, 주차","","https://blog.naver.com/orangekims1","7","https://map.naver.com/p/search/%EB%8C%80%EC%A0%84%20%EC%84%9C%EA%B5%AC%20%ED%94%BC%EB%B6%80%EA%B3%BC/place/19847004?c=11.00,0,0,0,dh","","2024-05-23 15:23:54 +0900"
"맑은의원","피부과","대전 서구 둔산중로 38 둔산메트로존","대전 서구 둔산동 1419","042-286-2286","","진료 중18:00에 진료 종료18시 0분에 진료 종료,목10:00 - 18:0013:00 - 14:00 휴게시간,금10:00 - 20:0013:00 - 14:00 휴게시간,토09:00 - 15:00,일정기휴무 (매주 일요일),월10:00 - 20:0013:00 - 14:00 휴게시간,화10:00 - 18:0013:00 - 14:00 휴게시간,수13:00 - 19:00,06/06 현충일 휴무접기","https://search.pstatic.net/common/?autoRotate=true&quality=100&type=f640_380&src=https%3A%2F%2Fldb-phinf.pstatic.net%2F20150901_163%2F1441051182411qQCvx_JPEG%2F97174514125860_0.jpg","140","","30","36.3499255","127.3874182","주차","","https://blog.naver.com/cleanclinic","7","https://map.naver.com/p/search/%EB%8C%80%EC%A0%84%20%EC%84%9C%EA%B5%AC%20%ED%94%BC%EB%B6%80%EA%B3%BC/place/13023504?c=11.00,0,0,0,dh","","2024-05-23 15:24:08 +0900"
"제이디피부과의원","피부과","대전 서구 둔산로123번길 21 엠시티타워 4층","대전 서구 둔산동 1407","042-488-3377","","오늘 휴무매주 목요일 휴무매주 목요일 휴무,목정기휴무 (매주 목요일),금10:00 - 20:0013:00 - 14:00 휴게시간,토09:30 - 15:00,일정기휴무 (매주 일요일),월10:00 - 20:0013:00 - 14:00 휴게시간,화10:00 - 19:0013:00 - 14:00 휴게시간,수10:00 - 19:0013:00 - 14:00 휴게시간,06/06 현충일 휴무,- 매주 목요일 휴진 / 공휴일 있는 주 목요일 진료접기","https://search.pstatic.net/common/?autoRotate=true&quality=100&type=f640_380&src=https%3A%2F%2Fldb-phinf.pstatic.net%2F20210928_212%2F1632836205424vi3Rb_PNG%2FP5JYvQG0eKiwDxUIYoCVDpz7.png","597","","229","36.352251","127.3872557","예약, 무선 인터넷, 남/녀 화장실 구분, 주차","","https://blog.naver.com/jdermatology","26","https://map.naver.com/p/search/%EB%8C%80%EC%A0%84%20%EC%84%9C%EA%B5%AC%20%ED%94%BC%EB%B6%80%EA%B3%BC/place/1401688590?c=11.00,0,0,0,dh","","2024-05-23 15:24:08 +0900"
"박가정의원","피부과","대전 서구 둔산남로9번길 29 4층","대전 서구 둔산동 1202","0506-816-7505","","진료 중19:00에 진료 종료19시 0분에 진료 종료,목10:00 - 19:0013:40 - 15:00 휴게시간,금10:00 - 19:0013:40 - 15:00 휴게시간,토10:00 - 14:00,일정기휴무 (매주 일요일),월10:00 - 19:0013:40 - 15:00 휴게시간,화10:00 - 19:0013:40 - 15:00 휴게시간,수10:00 - 14:00,06/06 현충일 휴무,- 4월27일(토)까지유천동진료,5월7일(화)부터둔산동진료접기","https://search.pstatic.net/common/?autoRotate=true&quality=100&type=f640_380&src=https%3A%2F%2Fldb-phinf.pstatic.net%2F20240509_81%2F1715221203987QUvkE_PNG%2F0412-002.png","100","","292","36.3494389","127.3781359","","","https://blog.naver.com/djparkclinic","5","https://map.naver.com/p/search/%EB%8C%80%EC%A0%84%20%EC%84%9C%EA%B5%AC%20%ED%94%BC%EB%B6%80%EA%B3%BC/place/1379655024?c=11.00,0,0,0,dh","","2024-05-23 15:24:09 +0900"
"엘루나의원","피부과","대전 서구 대덕대로 198 4층","대전 서구 둔산동 1164","0507-1475-2510","","진료 중18:00에 접수마감18시 0분에 접수마감,목09:30 - 18:3013:30 - 14:30 휴게시간18:00 접수마감,금09:30 - 21:0013:30 - 14:30 휴게시간20:30 접수마감,토09:30 - 15:0014:30 접수마감,일정기휴무 (매주 일요일),월09:30 - 18:3013:30 - 14:30 휴게시간18:00 접수마감,화09:30 - 18:3013:30 - 14:30 휴게시간18:00 접수마감,수정기휴무 (매주 수요일),06/06 현충일 휴무접기","https://search.pstatic.net/common/?autoRotate=true&quality=100&type=f640_380&src=https%3A%2F%2Fldb-phinf.pstatic.net%2F20240328_2%2F17116138661656AwlR_PNG%2F%25BF%25A4%25B7%25E7%25B3%25AA%25C0%25C7%25BF%25F8.png","307","","13","36.3504362","127.3783866","주차, 무선 인터넷","","https://blog.naver.com/qhdhd","31","https://map.naver.com/p/search/%EB%8C%80%EC%A0%84%20%EC%84%9C%EA%B5%AC%20%ED%94%BC%EB%B6%80%EA%B3%BC/place/1693832653?c=11.00,0,0,0,dh","","2024-05-23 15:24:10 +0900"
"메디벨의원","피부과","대전 서구 대덕대로 197","대전 서구 둔산동 1042","042-488-6211","","진료 중19:15에 접수마감19시 15분에 접수마감,목10:00 - 20:0013:00 - 14:00 휴게시간19:15 접수마감,금10:00 - 18:0013:00 - 14:00 휴게시간17:15 접수마감,토10:00 - 16:0013:00 - 14:00 휴게시간15:15 접수마감,일정기휴무 (매주 일요일),월10:00 - 18:0013:00 - 14:00 휴게시간17:15 접수마감,화10:00 - 18:0013:00 - 14:00 휴게시간17:15 접수마감,수정기휴무 (매주 수요일),06/06 현충일 휴무접기","https://search.pstatic.net/common/?autoRotate=true&quality=100&type=f640_380&src=https%3A%2F%2Fldb-phinf.pstatic.net%2F20240507_270%2F171506360807387oEa_JPEG%2FKakaoTalk_20240507_153055659.jpg","200","","47","36.3508887","127.377716","예약, 주차, 무선 인터넷, 남/녀 화장실 구분","","http://www.medibellclinic.com/","13","https://map.naver.com/p/search/%EB%8C%80%EC%A0%84%20%EC%84%9C%EA%B5%AC%20%ED%94%BC%EB%B6%80%EA%B3%BC/place/34721443?c=11.00,0,0,0,dh","","2024-05-23 15:24:10 +0900"
"나노필의원","피부과","대전 서구 문정로 70 J&S빌딩 7층","대전 서구 탄방동 704","042-526-7501","","오늘 휴무매주 목요일 휴무매주 목요일 휴무,목정기휴무 (매주 목요일),금10:00 - 20:0013:00 - 14:00 휴게시간,토10:00 - 15:00,일정기휴무 (매주 일요일),월10:00 - 20:0013:00 - 14:00 휴게시간,화10:00 - 18:0013:00 - 14:00 휴게시간,수10:00 - 20:0013:00 - 14:00 휴게시간,06/06 현충일 휴무접기","https://search.pstatic.net/common/?autoRotate=true&quality=100&type=f640_380&src=https%3A%2F%2Fldb-phinf.pstatic.net%2F20200427_277%2F1587970919921y6DDB_JPEG%2FtfchgXVNLiqAYRb2m50BlYsN.jpg","95","","71","36.346512","127.3870373","무선 인터넷, 남/녀 화장실 구분, 주차","","https://blog.naver.com/hana7760","2","https://map.naver.com/p/search/%EB%8C%80%EC%A0%84%20%EC%84%9C%EA%B5%AC%20%ED%94%BC%EB%B6%80%EA%B3%BC/place/13246387?c=11.00,0,0,0,dh","","2024-05-23 15:24:11 +0900"
"폴라인피부과의원","피부과","대전 서구 문예로 43 둔산동 크로바사거리 농협 2층","대전 서구 둔산동 1500-1","042-476-0002","","진료 중19:00에 진료 종료19시 0분에 진료 종료,목09:30 - 19:00,금09:30 - 20:00,토09:30 - 13:00,일정기휴무 (매주 일요일),월09:30 - 19:00,화09:30 - 19:00,수정기휴무 (매주 수요일),06/06 현충일 휴무접기","https://search.pstatic.net/common/?autoRotate=true&quality=100&type=f640_380&src=https%3A%2F%2Fldb-phinf.pstatic.net%2F20230516_32%2F1684206005123V1eyt_JPEG%2FKakaoTalk_20230516_091639134_03.jpg","356","","593","36.350615","127.3899028","예약, 주차","","http://www.paulline.co.kr/","5","https://map.naver.com/p/search/%EB%8C%80%EC%A0%84%20%EC%84%9C%EA%B5%AC%20%ED%94%BC%EB%B6%80%EA%B3%BC/place/11723506?c=11.00,0,0,0,dh","","2024-05-23 15:24:11 +0900"
"구자경피부과의원","피부과","대전 서구 대덕대로 199","대전 서구 둔산동 1041","042-484-9831","","오늘 휴무매주 목요일 휴무매주 목요일 휴무,목정기휴무 (매주 목요일),금10:00 - 18:0012:30 - 14:00 휴게시간,토10:00 - 13:00,일정기휴무 (매주 일요일),월10:00 - 18:0012:30 - 14:00 휴게시간,화10:00 - 18:0012:30 - 14:00 휴게시간,수10:00 - 18:0012:30 - 14:00 휴게시간,06/06 현충일 휴무접기","","143","","2","36.3510484","127.377794","","","","3","https://map.naver.com/p/search/%EB%8C%80%EC%A0%84%20%EC%84%9C%EA%B5%AC%20%ED%94%BC%EB%B6%80%EA%B3%BC/place/13246143?c=11.00,0,0,0,dh","","2024-05-23 15:24:11 +0900"
"선사은피부과의원","피부과","대전 서구 청사서로 26 미래빌딩 9층","대전 서구 월평동 271","042-710-5775","","진료 중19:00에 진료 종료19시 0분에 진료 종료,목10:00 - 19:0013:00 - 14:00 휴게시간,금10:00 - 20:0013:00 - 14:00 휴게시간,토09:30 - 14:00,일정기휴무 (매주 일요일),월10:00 - 19:0013:00 - 14:00 휴게시간,화10:00 - 19:0013:00 - 14:00 휴게시간,수정기휴무 (매주 수요일),06/06 현충일 휴무,- 공휴일이 있는 주 수요일은 정상진료합니다접기","https://search.pstatic.net/common/?autoRotate=true&quality=100&type=f640_380&src=https%3A%2F%2Fldb-phinf.pstatic.net%2F20220125_2%2F1643080017464TpMOw_JPEG%2F%25B4%25EB%25B1%25E2%25BD%25C7_4.jpg","286","","5","36.3601756","127.3768471","주차, 남/녀 화장실 구분","","https://blog.naver.com/sunsaeun77","21","https://map.naver.com/p/search/%EB%8C%80%EC%A0%84%20%EC%84%9C%EA%B5%AC%20%ED%94%BC%EB%B6%80%EA%B3%BC/place/1585082801?c=11.00,0,0,0,dh","","2024-05-23 15:24:14 +0900"
"우리내과의원","내과","대전 서구 가장로 100","대전 서구 가장동 61-19","042-528-0900","","진료 중17:30에 진료 종료17시 30분에 진료 종료,목09:00 - 17:3012:30 - 14:00 휴게시간,금09:00 - 17:3012:30 - 14:00 휴게시간,토09:00 - 12:00,일정기휴무 (매주 일요일),월09:00 - 17:3012:30 - 14:00 휴게시간,화09:00 - 17:3012:30 - 14:00 휴게시간,수09:00 - 17:3012:30 - 14:00 휴게시간,06/06 현충일 휴무접기","","138","","1","36.3342533","127.3849046","","","","4","https://map.naver.com/p/search/%EB%8C%80%EC%A0%84%20%EC%84%9C%EA%B5%AC%20%ED%94%BC%EB%B6%80%EA%B3%BC/place/13246416?c=11.00,0,0,0,dh","","2024-05-23 15:24:15 +0900"
"서울중앙의원","내과","대전 서구 계백로 1282","대전 서구 정림동 508","042-583-5400","","진료 중18:00에 진료 종료18시 0분에 진료 종료,목09:00 - 18:00,금09:00 - 18:00,토09:00 - 12:00,일정기휴무 (매주 일요일),월09:00 - 18:00,화09:00 - 18:00,수09:00 - 18:00,06/06 현충일 휴무접기","https://search.pstatic.net/common/?autoRotate=true&quality=100&type=f640_380&src=https%3A%2F%2Fldb-phinf.pstatic.net%2F20170523_92%2F1495501951886uhksg_JPEG%2F20170518_191715.jpg","69","","0","36.3076889","127.3654384","","","","0","https://map.naver.com/p/search/%EB%8C%80%EC%A0%84%20%EC%84%9C%EA%B5%AC%20%ED%94%BC%EB%B6%80%EA%B3%BC/place/13246717?c=11.00,0,0,0,dh","","2024-05-23 15:24:15 +0900"
"청담피부과의원","피부과","대전 서구 둔산로31번길 21","대전 서구 둔산동 988","0507-1488-5302","","오늘 휴무매주 목요일 휴무매주 목요일 휴무,목정기휴무 (매주 목요일),금10:00 - 21:0012:30 - 14:00 휴게시간,토09:30 - 16:3012:30 - 13:30 휴게시간,일정기휴무 (매주 일요일),월10:00 - 19:0012:30 - 14:00 휴게시간,화10:00 - 21:0012:30 - 14:00 휴게시간,수10:00 - 19:0012:30 - 14:00 휴게시간,06/06 현충일 휴무접기","https://search.pstatic.net/common/?autoRotate=true&quality=100&type=f640_380&src=https%3A%2F%2Fldb-phinf.pstatic.net%2F20150901_279%2F1441045823499MJ5VD_JPEG%2F33038038_0.jpg","501","","1407","36.3527038","127.3772816","예약, 주차, 무선 인터넷, 남/녀 화장실 구분","","http://www.cddc.co.kr/","28","https://map.naver.com/p/search/%EB%8C%80%EC%A0%84%20%EC%84%9C%EA%B5%AC%20%ED%94%BC%EB%B6%80%EA%B3%BC/place/33038038?c=11.00,0,0,0,dh","","2024-05-23 15:24:16 +0900"
"박비뇨기과의원","피부과","대전 서구 대덕대로176번길 9 시온연합빌딩 8층","대전 서구 둔산동 1126","042-489-7177","","진료 중17:30에 진료 종료17시 30분에 진료 종료,목09:30 - 17:3012:30 - 13:30 휴게시간,금09:30 - 17:3012:30 - 13:30 휴게시간,토09:30 - 12:30,일정기휴무 (매주 일요일),월09:30 - 17:3012:30 - 13:30 휴게시간,화09:30 - 17:3012:30 - 13:30 휴게시간,수09:30 - 17:3012:30 - 13:30 휴게시간,06/06 현충일 휴무접기","https://search.pstatic.net/common/?autoRotate=true&quality=100&type=f640_380&src=https%3A%2F%2Fldb-phinf.pstatic.net%2F20240514_215%2F1715678835762klOls_JPEG%2F20240514_181830.jpg","44","","2","36.3486833","127.3776448","","","","0","https://map.naver.com/p/search/%EB%8C%80%EC%A0%84%20%EC%84%9C%EA%B5%AC%20%ED%94%BC%EB%B6%80%EA%B3%BC/place/1663550178?c=11.00,0,0,0,dh","","2024-05-23 15:24:16 +0900"
"플레인의원","피부과","대전 서구 둔산로 136 둔산타워 201호","대전 서구 둔산동 1451","042-471-2510","","진료 중19:00에 진료 종료19시 0분에 진료 종료,목10:00 - 19:0013:00 - 14:00 휴게시간,금10:00 - 19:0013:00 - 14:00 휴게시간,토10:00 - 15:00,일정기휴무 (매주 일요일),월10:00 - 19:0013:00 - 14:00 휴게시간,화10:00 - 19:0013:00 - 14:00 휴게시간,수10:00 - 21:0013:00 - 14:00 휴게시간,06/06 현충일 휴무접기","https://search.pstatic.net/common/?autoRotate=true&quality=100&type=f640_380&src=https%3A%2F%2Fldb-phinf.pstatic.net%2F20230913_263%2F1694584167394NEw23_JPEG%2F20160926_192420.jpg","62","","3","36.3510036","127.3889201","주차, 예약, 무선 인터넷","","https://blog.naver.com/plainclinic","0","https://map.naver.com/p/search/%EB%8C%80%EC%A0%84%20%EC%84%9C%EA%B5%AC%20%ED%94%BC%EB%B6%80%EA%B3%BC/place/33327070?c=11.00,0,0,0,dh","","2024-05-23 15:24:17 +0900"
"더웰피부과의원","피부과","대전 유성구 온천로 34 쿠우쿠우빌딩 7층","대전 유성구 봉명동 552-1","042-825-3045","","진료 중19:00에 진료 종료19시 0분에 진료 종료,목09:30 - 19:0013:00 - 14:00 휴게시간,금09:30 - 19:0013:00 - 14:00 휴게시간,토09:00 - 15:00,일정기휴무 (매주 일요일),월09:30 - 19:0013:00 - 14:00 휴게시간,화09:30 - 19:0013:00 - 14:00 휴게시간,수09:30 - 19:0013:00 - 14:00 휴게시간,06/06 현충일 휴무,- 대체공휴일 정상진료접기","https://search.pstatic.net/common/?autoRotate=true&quality=100&type=f640_380&src=https%3A%2F%2Fldb-phinf.pstatic.net%2F20150901_58%2F1441037565448CcwEU_PNG%2FSUBMIT_1313018725699_20150255.png","2040","","26","36.3551981","127.341294","주차, 무선 인터넷, 남/녀 화장실 구분","","http://wellpibu.com/","38","https://map.naver.com/p/search/%EB%8C%80%EC%A0%84%20%EC%84%9C%EA%B5%AC%20%ED%94%BC%EB%B6%80%EA%B3%BC/place/20150255?c=11.00,0,0,0,dh","","2024-05-23 15:24:21 +0900"
"서울뷰의원 대전","피부과","대전 유성구 대학로 44 3층 서울뷰의원 대전","대전 유성구 봉명동 617-1","1644-2033","","진료 중20:00에 진료 종료20시 0분에 진료 종료,목10:00 - 20:0013:00 - 14:00 휴게시간,금10:00 - 20:0013:00 - 14:00 휴게시간,토11:00 - 16:00,일정기휴무 (매주 일요일),월10:00 - 20:0013:00 - 14:00 휴게시간,화10:00 - 20:0013:00 - 14:00 휴게시간,수10:00 - 20:0013:00 - 14:00 휴게시간접기","https://search.pstatic.net/common/?autoRotate=true&quality=100&type=f640_380&src=https%3A%2F%2Fldb-phinf.pstatic.net%2F20200811_75%2F1597123136851bqv90_JPEG%2FIU6Q9bHXe-PJAnhmJnJ2-OCB.jpg","2336","","373","36.3575135","127.3433249","남/녀 화장실 구분, 무선 인터넷, 예약, 대기공간, 간편결제, 주차","","https://seoulviewclinic.modoo.at","187","https://map.naver.com/p/search/%EB%8C%80%EC%A0%84%20%EC%84%9C%EA%B5%AC%20%ED%94%BC%EB%B6%80%EA%B3%BC/place/1052155081?c=11.00,0,0,0,dh","","2024-05-23 15:24:23 +0900"
"에스더스킨케어","피부과","대전 서구 계백로 1420","대전 서구 도마동 173-8","","","","","2","","0","36.3122139","127.3791693","","","","0","https://map.naver.com/p/search/%EB%8C%80%EC%A0%84%20%EC%84%9C%EA%B5%AC%20%ED%94%BC%EB%B6%80%EA%B3%BC/place/16274430?c=11.00,0,0,0,dh","","2024-05-23 15:24:23 +0900"
"연세남인환피부과의원","피부과","대전 서구 둔산남로 85 크레온오피스텔","대전 서구 둔산동 1423 크레온 빌딩 301호","042-483-2075","","진료 중19:00에 진료 종료19시 0분에 진료 종료,목10:00 - 19:00,금10:00 - 19:00,토10:00 - 13:00,일정기휴무 (매주 일요일),월10:00 - 19:00,화10:00 - 19:00,수10:00 - 13:00,06/06 현충일 휴무접기","https://search.pstatic.net/common/?autoRotate=true&quality=100&type=f640_380&src=https%3A%2F%2Fldb-phinf.pstatic.net%2F20150831_271%2F1441025757871rWwKH_JPEG%2F32434732_0.jpeg","203","","7","36.3493629","127.3871033","예약, 주차","","","3","https://map.naver.com/p/search/%EB%8C%80%EC%A0%84%20%EC%84%9C%EA%B5%AC%20%ED%94%BC%EB%B6%80%EA%B3%BC/place/32434732?c=11.00,0,0,0,dh","","2024-05-23 15:24:26 +0900"
"라넌클의원","피부과","대전 유성구 은구비남로33번길 51 4층 401호","대전 유성구 지족동 902-4","042-822-5549","","진료 중18:30에 접수마감18시 30분에 접수마감,목09:30 - 19:0013:00 - 14:00 휴게시간18:30 접수마감,금09:30 - 19:0013:00 - 14:00 휴게시간18:30 접수마감,토09:30 - 16:0015:30 접수마감,일정기휴무 (매주 일요일),월09:30 - 19:0013:00 - 14:00 휴게시간18:30 접수마감,화09:30 - 19:0013:00 - 14:00 휴게시간18:30 접수마감,수09:30 - 19:0013:00 - 14:00 휴게시간18:30 접수마감,06/06 현충일 휴무접기","https://search.pstatic.net/common/?autoRotate=true&quality=100&type=f640_380&src=https%3A%2F%2Fldb-phinf.pstatic.net%2F20240119_152%2F17056510221043OTjp_PNG%2F1-1.png","156","","43","36.3745557","127.3191348","남/녀 화장실 구분, 예약, 대기공간, 간편결제, 주차","","https://ranuncle.modoo.at/","50","https://map.naver.com/p/search/%EB%8C%80%EC%A0%84%20%EC%84%9C%EA%B5%AC%20%ED%94%BC%EB%B6%80%EA%B3%BC/place/1186724028?c=11.00,0,0,0,dh","","2024-05-23 15:24:26 +0900"
"미하이의원 유성","피부과","대전 유성구 계룡로 150","대전 유성구 봉명동 1017-4","0507-1442-8833","","진료 중19:00에 진료 종료19시 0분에 진료 종료,목10:00 - 19:0013:00 - 14:00 휴게시간,금11:00 - 20:3013:00 - 14:00 휴게시간,토10:00 - 16:00,일정기휴무 (매주 일요일),월(5/27)휴무,화10:00 - 19:0013:00 - 14:00 휴게시간,수11:00 - 20:0013:00 - 14:00 휴게시간,,- 5/13(월), 5/27(월) 휴진 : 원장님 학회일정접기","https://search.pstatic.net/common/?autoRotate=true&quality=100&type=f640_380&src=https%3A%2F%2Fldb-phinf.pstatic.net%2F20160922_188%2F1474527149992TqUoR_JPEG%2F176870515935160_0.jpeg","527","","1199","36.3518282","127.3471137","예약, 주차, 무선 인터넷, 남/녀 화장실 구분","","http://ysmihi.co.kr/","25","https://map.naver.com/p/search/%EB%8C%80%EC%A0%84%20%EC%84%9C%EA%B5%AC%20%ED%94%BC%EB%B6%80%EA%B3%BC/place/38571444?c=10.00,0,0,0,dh","","2024-05-23 15:24:39 +0900"
"더리턴피부과의원","피부과","대전 유성구 계룡로 114 8층 803호","대전 유성구 봉명동 1016-3","042-716-6080","","진료 중20:00에 진료 종료20시 0분에 진료 종료,목10:00 - 20:0012:30 - 14:00 휴게시간,금10:00 - 20:0012:30 - 14:00 휴게시간,토09:30 - 15:30,일정기휴무 (매주 일요일),월10:00 - 20:0012:30 - 14:00 휴게시간,화10:00 - 20:0012:30 - 14:00 휴게시간,수10:00 - 20:0012:30 - 14:00 휴게시간,06/06 현충일 휴무접기","https://search.pstatic.net/common/?autoRotate=true&quality=100&type=f640_380&src=https%3A%2F%2Fldb-phinf.pstatic.net%2F20190509_112%2F1557399412039XvihI_JPEG%2Fy6cWmVH1rxSzdvncEk6Gnb5M.jpg","1055","","779","36.3525028","127.3429605","무선 인터넷, 주차, 예약, 남/녀 화장실 구분","","https://blog.naver.com/euhafxoxjv","13","https://map.naver.com/p/search/%EB%8C%80%EC%A0%84%20%EC%84%9C%EA%B5%AC%20%ED%94%BC%EB%B6%80%EA%B3%BC/place/1819843361?c=10.00,0,0,0,dh","","2024-05-23 15:24:40 +0900"
"에스티피부과의원","피부과","대전 서구 계룡로 586 KOREA MEDICAL TOWER 3층","대전 서구 괴정동 5-9","042-535-5800","","진료 중18:20에 접수마감18시 20분에 접수마감,목09:40 - 18:4013:00 - 14:00 휴게시간18:20 접수마감,금09:40 - 19:4013:00 - 14:00 휴게시간19:20 접수마감,토09:30 - 14:0013:40 접수마감,일정기휴무 (매주 일요일),월09:40 - 19:4013:00 - 14:00 휴게시간19:20 접수마감,화09:40 - 18:4013:00 - 14:00 휴게시간18:20 접수마감,수정기휴무 (매주 수요일),06/06 현충일 휴무,- 화,방송출연10:30~12:10진료안됨/접수1시간전마감접기","https://search.pstatic.net/common/?autoRotate=true&quality=100&type=f640_380&src=https%3A%2F%2Fldb-phinf.pstatic.net%2F20240222_176%2F1708583423087J2xOD_PNG%2F01.png","719","","557","36.3416048","127.3884977","예약, 주차","","http://www.skintrans.com/","5","https://map.naver.com/p/search/%EB%8C%80%EC%A0%84%20%EC%84%9C%EA%B5%AC%20%ED%94%BC%EB%B6%80%EA%B3%BC/place/11481160?c=11.00,0,0,0,dh","","2024-05-23 15:24:40 +0900"
"에스에이피부과의원","피부과","대전 유성구 은구비로155번안길 35","대전 유성구 죽동 621-8","0507-1350-7189","","오늘 휴무05/23 휴무05/23 휴무,목(5/23)휴무,금09:00 - 18:0012:30 - 14:00 휴게시간,토08:30 - 13:00,일정기휴무 (매주 일요일),월09:00 - 18:0012:30 - 14:00 휴게시간,화09:00 - 18:0012:30 - 14:00 휴게시간,수09:00 - 18:0012:30 - 14:00 휴게시간,05/30 , 06/06 현충일 휴무,- 100%예약제 입니다.접기","https://search.pstatic.net/common/?autoRotate=true&quality=100&type=f640_380&src=https%3A%2F%2Fldb-phinf.pstatic.net%2F20190121_150%2F1548058926141DhVVS_JPEG%2F2O4Ie40M816e25L1juacKyPg.jpg","616","","27","36.3800147","127.3263186","예약, 남/녀 화장실 구분, 무선 인터넷, 주차","","https://blog.naver.com/saclinic","15","https://map.naver.com/p/search/%EB%8C%80%EC%A0%84%20%EC%84%9C%EA%B5%AC%20%ED%94%BC%EB%B6%80%EA%B3%BC/place/35179059?c=10.00,0,0,0,dh","","2024-05-23 15:24:41 +0900"
"아이워너비의원","피부과","대전 유성구 엑스포로 1 신세계 엑스포점 4층","대전 유성구 도룡동 3-1","1544-4539","","진료 중19:30에 접수마감19시 30분에 접수마감,목10:00 - 20:0019:30 접수마감,금10:00 - 20:0019:30 접수마감,토10:00 - 16:0015:30 접수마감,일정기휴무 (매주 일요일),월10:00 - 20:0019:30 접수마감,화10:00 - 20:0019:30 접수마감,수10:00 - 20:0019:30 접수마감접기","https://search.pstatic.net/common/?autoRotate=true&quality=100&type=f640_380&src=https%3A%2F%2Fldb-phinf.pstatic.net%2F20210825_103%2F16298539231494YJrt_JPEG%2FPmLMzigsA2HwWfwzruQQTEPN.jpg","1181","","214","36.3748207","127.3834982","주차, 무선 인터넷, 남/녀 화장실 구분, 예약","","http://iwannabeclinic.com","140","https://map.naver.com/p/search/%EB%8C%80%EC%A0%84%20%EC%84%9C%EA%B5%AC%20%ED%94%BC%EB%B6%80%EA%B3%BC/place/1468690447?c=10.00,0,0,0,dh","","2024-05-23 15:24:45 +0900"
"예쁨의원","피부과","대전 중구 계백로 1712 5층 예쁨의원","대전 중구 문화동 1-13","0507-1461-2011","","진료 중20:30에 진료 종료20시 30분에 진료 종료,목10:00 - 20:3013:00 - 14:00 휴게시간,금10:00 - 20:3013:00 - 14:00 휴게시간,토10:00 - 16:00,일정기휴무 (매주 일요일),월10:00 - 20:3013:00 - 14:00 휴게시간,화10:00 - 20:3013:00 - 14:00 휴게시간,수10:00 - 20:3013:00 - 14:00 휴게시간,06/06 현충일 휴무접기","https://search.pstatic.net/common/?autoRotate=true&quality=100&type=f640_380&src=https%3A%2F%2Fldb-phinf.pstatic.net%2F20230615_67%2F1686810925299MBL7j_JPEG%2F%25BF%25B9%25BB%25DD%25B7%25CE%25B0%25ED.jpg","412","","68","36.321141","127.4097487","주차, 무선 인터넷, 남/녀 화장실 구분","","http://www.daejeonyebbeum.com","105","https://map.naver.com/p/search/%EB%8C%80%EC%A0%84%20%EC%84%9C%EA%B5%AC%20%ED%94%BC%EB%B6%80%EA%B3%BC/place/1959381307?c=10.00,0,0,0,dh","","2024-05-23 15:24:45 +0900"
"스타피부과의원","피부과","대전 유성구 원신흥남로28번길 88 2층 201호","대전 유성구 원신흥동 558-4","0507-1498-2086","","진료 중19:00에 진료 종료19시 0분에 진료 종료,목10:00 - 19:0013:00 - 14:00 휴게시간,금10:00 - 19:0013:00 - 14:00 휴게시간,토09:30 - 15:00,일정기휴무 (매주 일요일),월10:00 - 19:0013:00 - 14:00 휴게시간,화10:00 - 19:0013:00 - 14:00 휴게시간,수14:00 - 19:00,06/06 현충일 휴무접기","https://search.pstatic.net/common/?autoRotate=true&quality=100&type=f640_380&src=https%3A%2F%2Fldb-phinf.pstatic.net%2F20240503_27%2F1714702401071OCbBo_PNG%2F%25BD%25BA%25B8%25B6%25C6%25AE%25C7%25C3%25B7%25B9%25C0%25CC%25BD%25BA_1.png","46","","8","36.3325703","127.340543","단체 이용 가능, 예약, 무선 인터넷, 남/녀 화장실 구분, 대기공간, 간편결제, 주차","","http://www.starderma.co.kr/","13","https://map.naver.com/p/search/%EB%8C%80%EC%A0%84%20%EC%84%9C%EA%B5%AC%20%ED%94%BC%EB%B6%80%EA%B3%BC/place/1084146229?c=10.00,0,0,0,dh","","2024-05-23 15:24:46 +0900"
"현대우리들의원","내과","대전 유성구 문화원로 14","대전 유성구 장대동 353-5","0507-1354-8050","","진료 중18:30에 진료 종료18시 30분에 진료 종료,목09:00 - 18:3012:00 - 13:30 휴게시간,금09:00 - 18:3012:00 - 13:30 휴게시간,토09:00 - 13:00,일정기휴무 (매주 일요일),월09:00 - 18:3012:00 - 13:30 휴게시간,화09:00 - 18:3012:00 - 13:30 휴게시간,수09:00 - 12:00,06/06 현충일 휴무,- 수요일 오후진료 휴진.접수마감 11시30분접기","https://search.pstatic.net/common/?autoRotate=true&quality=100&type=f640_380&src=https%3A%2F%2Fldb-phinf.pstatic.net%2F20160902_25%2F1472795262041M1W3z_JPEG%2F176852547761037_0.jpeg","126","","1","36.3613936","127.3377906","예약, 주차, 무선 인터넷, 남/녀 화장실 구분","","http://hwoori.ilikedoc.kr/","1","https://map.naver.com/p/search/%EB%8C%80%EC%A0%84%20%EC%84%9C%EA%B5%AC%20%ED%94%BC%EB%B6%80%EA%B3%BC/place/21560434?c=10.00,0,0,0,dh","","2024-05-23 15:24:55 +0900"
"필보레의원 대전유성","피부과","대전 유성구 대학로 9 4층, 5층","대전 유성구 봉명동 552-13","0507-1427-2307","","진료 중19:00에 접수마감19시 0분에 접수마감,목10:00 - 20:0013:00 - 14:00 휴게시간19:00 접수마감,금10:00 - 20:0013:00 - 14:00 휴게시간19:00 접수마감,토10:00 - 16:0012:00 - 12:30 휴게시간15:00 접수마감,일정기휴무 (매주 일요일),월10:00 - 20:0013:00 - 14:00 휴게시간19:00 접수마감,화10:00 - 20:0013:00 - 14:00 휴게시간19:00 접수마감,수10:00 - 20:0013:00 - 14:00 휴게시간19:00 접수마감,- 휴무일 관련 자세한 내용은 블로그 안내를 확인해주세요접기","https://search.pstatic.net/common/?autoRotate=true&quality=100&type=f640_380&src=https%3A%2F%2Fnaverbooking-phinf.pstatic.net%2F20240509_23%2F1715232256313AIh7G_JPEG%2FKakaoTalk_20240503_103651260_03.jpg","729","","393","36.354737","127.3413823","무선 인터넷, 예약, 주차","","http://djys-creamy.co.kr/","47","https://map.naver.com/p/search/%EB%8C%80%EC%A0%84%20%EC%84%9C%EA%B5%AC%20%ED%94%BC%EB%B6%80%EA%B3%BC/place/1029229114?c=10.00,0,0,0,dh","","2024-05-23 15:24:57 +0900"
"연세휴의원","피부과","대전 중구 계백로 1712-1 백화점세이 3관 3층","대전 중구 문화동 1-60","0507-1411-7666","","진료 중20:00에 진료 종료20시 0분에 진료 종료,목10:30 - 20:00,금10:30 - 19:00,토10:00 - 15:00,일정기휴무 (매주 일요일),월10:30 - 20:00,화10:30 - 19:00,수10:30 - 19:00접기","https://search.pstatic.net/common/?autoRotate=true&quality=100&type=f640_380&src=https%3A%2F%2Fldb-phinf.pstatic.net%2F20190920_102%2F1568953393654QOhJb_JPEG%2F5nE9NcMfGD5OygXvhsfjkYk8.jpg","551","","1330","36.3204847","127.4098368","","","http://yshclinic.co.kr/","13","https://map.naver.com/p/search/%EB%8C%80%EC%A0%84%20%EC%84%9C%EA%B5%AC%20%ED%94%BC%EB%B6%80%EA%B3%BC/place/12015026?c=10.00,0,0,0,dh","","2024-05-23 15:24:57 +0900"
"성범진피부과의원","피부과","대전 중구 계백로 1592 2층","대전 중구 유천동 210-8","042-581-2375","","진료 중18:30에 진료 종료18시 30분에 진료 종료,목09:00 - 18:3012:30 - 14:00 휴게시간,금09:00 - 18:3012:30 - 14:00 휴게시간,토08:30 - 15:00,일정기휴무 (매주 일요일),월09:00 - 18:3012:30 - 14:00 휴게시간,화09:00 - 18:3012:30 - 14:00 휴게시간,수09:00 - 13:00,06/06 현충일 휴무,- ●토요일(점심시간 없이)진료 ●일요일/공휴일 휴무접기","https://search.pstatic.net/common/?autoRotate=true&quality=100&type=f640_380&src=https%3A%2F%2Fldb-phinf.pstatic.net%2F20220731_76%2F16592485490112nssP_JPEG%2F1659248185152.jpg","1320","","8","36.3180046","127.3971596","주차, 무선 인터넷, 남/녀 화장실 구분","","http://sbjskinclinic.co.kr","24","https://map.naver.com/p/search/%EB%8C%80%EC%A0%84%20%EC%84%9C%EA%B5%AC%20%ED%94%BC%EB%B6%80%EA%B3%BC/place/13246674?c=10.00,0,0,0,dh","","2024-05-23 15:24:57 +0900"
"유천동한사랑의원","내과","대전 중구 계백로 1543","대전 중구 유천동 327-9","042-532-7577","","진료 중22:00에 진료 종료22시 0분에 진료 종료,목15:00 - 22:00,금15:00 - 22:00,토15:00 - 22:00,일14:00 - 22:00,월15:00 - 22:00,화15:00 - 22:00,수15:00 - 22:00접기","https://search.pstatic.net/common/?autoRotate=true&quality=100&type=f640_380&src=https%3A%2F%2Fldb-phinf.pstatic.net%2F20200502_148%2F15884093569782UEx0_JPEG%2FXDKPAT4NkLwqDXRmE4O1Vq1X.jpeg.jpg","177","","2","36.3171784","127.3917552","","","","4","https://map.naver.com/p/search/%EB%8C%80%EC%A0%84%20%EC%84%9C%EA%B5%AC%20%ED%94%BC%EB%B6%80%EA%B3%BC/place/13246458?c=10.00,0,0,0,dh","","2024-05-23 15:24:58 +0900"
"올뷰티의원","피부과","대전 유성구 도안대로 512-12 301호","대전 유성구 봉명동 1047-1","042-822-9787","","진료 중18:00에 접수마감18시 0분에 접수마감,목09:30 - 18:3013:00 - 14:00 휴게시간18:00 접수마감,금09:30 - 21:0013:00 - 14:00 휴게시간20:30 접수마감,토09:30 - 14:0013:30 접수마감,일정기휴무 (매주 일요일),월(5/27)휴무,화(5/28)휴무,수(5/29)휴무,05/27-05/30 , 06/06 현충일 휴무,- 공휴일 있는 주는 수요일에 정상 진료접기","https://search.pstatic.net/common/?autoRotate=true&quality=100&type=f640_380&src=https%3A%2F%2Fldb-phinf.pstatic.net%2F20240203_146%2F17069186666299Aj2x_JPEG%2FKakaoTalk_20240202_122917394.jpg","789","","239","36.3456555","127.3408727","주차, 무선 인터넷, 예약, 남/녀 화장실 구분","","http://allbeautyclinic.co.kr","38","https://map.naver.com/p/search/%EB%8C%80%EC%A0%84%20%EC%84%9C%EA%B5%AC%20%ED%94%BC%EB%B6%80%EA%B3%BC/place/1942359356?c=10.00,0,0,0,dh","","2024-05-23 15:25:00 +0900"
"더블유피부과의원 오류세이점","피부과","대전 중구 계백로 1711-1 4층","대전 중구 오류동 156-5","042-533-5575","","진료 중18:10에 접수마감18시 10분에 접수마감,목09:30 - 18:4012:30 - 14:00 휴게시간18:10 접수마감,금09:30 - 19:0012:30 - 14:00 휴게시간18:30 접수마감,토09:30 - 15:0012:30 - 13:00 휴게시간14:30 접수마감,일정기휴무 (매주 일요일),월09:30 - 18:4012:30 - 14:00 휴게시간18:10 접수마감,화09:30 - 18:4012:30 - 14:00 휴게시간18:10 접수마감,수14:00 - 18:4018:10 접수마감,06/06 현충일 휴무접기","https://search.pstatic.net/common/?autoRotate=true&quality=100&type=f640_380&src=https%3A%2F%2Fldb-phinf.pstatic.net%2F20200616_6%2F1592286316543g9qhd_JPEG%2FlfWYBnEyiEyhLLM00NCFLR7r.JPG.jpg","630","","14","36.3219132","127.409563","","","http://www.mywskin.com/","5","https://map.naver.com/p/search/%EB%8C%80%EC%A0%84%20%EC%84%9C%EA%B5%AC%20%ED%94%BC%EB%B6%80%EA%B3%BC/place/32520581?c=10.00,0,0,0,dh","","2024-05-23 15:25:03 +0900"
"노은화이트필의원","피부과","대전 유성구 은구비남로33번길 5 경남아너스빌2","대전 유성구 지족동 905-5 204","042-826-3663","","오늘 휴무매주 목요일 휴무매주 목요일 휴무,목정기휴무 (매주 목요일),금15:00 - 18:00,토09:00 - 12:00,일15:00 - 18:00,월08:30 - 12:00,화정기휴무 (매주 화요일),수정기휴무 (매주 수요일),06/06 현충일 휴무접기","https://search.pstatic.net/common/?autoRotate=true&quality=100&type=f640_380&src=https%3A%2F%2Fldb-phinf.pstatic.net%2F20150901_6%2F1441033434231grBFm_JPEG%2F12880748_0.jpg","53","","0","36.3723842","127.3191217","주차, 무선 인터넷, 예약","","","1","https://map.naver.com/p/search/%EB%8C%80%EC%A0%84%20%EC%84%9C%EA%B5%AC%20%ED%94%BC%EB%B6%80%EA%B3%BC/place/12880748?c=10.00,0,0,0,dh","","2024-05-23 15:25:04 +0900"
"더블유피부과의원 유성","피부과","대전 유성구 계룡로132번길 10 도안센트럴프라자 2층 (207호)","대전 유성구 봉명동 1016-7","042-471-1151","","오늘 휴무매주 목요일 휴무매주 목요일 휴무,목정기휴무 (매주 목요일),금10:00 - 18:3012:30 - 14:00 휴게시간,토09:30 - 13:00,일정기휴무 (매주 일요일),월10:00 - 18:3012:30 - 14:00 휴게시간,화10:00 - 18:3012:30 - 14:00 휴게시간,수10:00 - 18:3012:30 - 14:00 휴게시간,06/06-06/08 휴무접기","https://search.pstatic.net/common/?autoRotate=true&quality=100&type=f640_380&src=https%3A%2F%2Fldb-phinf.pstatic.net%2F20220316_145%2F16474087046630mUiT_JPEG%2F02.jpg","339","","177","36.3522386","127.3445723","예약, 주차, 남/녀 화장실 구분","","https://www.yswskin.co.kr","1","https://map.naver.com/p/search/%EB%8C%80%EC%A0%84%20%EC%84%9C%EA%B5%AC%20%ED%94%BC%EB%B6%80%EA%B3%BC/place/32971619?c=10.00,0,0,0,dh","","2024-05-23 15:25:05 +0900"
"지엔미피부과의원","피부과","대전 중구 계백로 1709 누리보듬아파트 상가 3층 303,304호","대전 중구 오류동 157","0507-1345-9701","","진료 중19:00에 진료 종료19시 0분에 진료 종료,목09:30 - 19:0012:30 - 14:00 휴게시간,금09:30 - 20:3012:30 - 14:00 휴게시간,토09:30 - 14:00,일정기휴무 (매주 일요일),월09:30 - 20:3012:30 - 14:00 휴게시간,화09:30 - 19:0012:30 - 14:00 휴게시간,수09:30 - 19:0012:30 - 14:00 휴게시간,06/06 현충일 휴무접기","https://search.pstatic.net/common/?autoRotate=true&quality=100&type=f640_380&src=https%3A%2F%2Fldb-phinf.pstatic.net%2F20191206_115%2F15756003694073r04B_JPEG%2FU2-t-ntg7VNmKMhtroGCtWvp.jpg","382","","5","36.3218742","127.4089673","주차, 예약, 남/녀 화장실 구분, 무선 인터넷","","","1","https://map.naver.com/p/search/%EB%8C%80%EC%A0%84%20%EC%84%9C%EA%B5%AC%20%ED%94%BC%EB%B6%80%EA%B3%BC/place/19519872?c=10.00,0,0,0,dh","","2024-05-23 15:25:07 +0900"
"연세엘레슈의원 대전점","피부과","대전 유성구 계룡로 105 6층","대전 유성구 봉명동 551-10","042-471-6055","","진료 중19:00에 진료 종료19시 0분에 진료 종료,목10:30 - 19:00,금10:30 - 20:30,토10:00 - 15:00,일정기휴무 (매주 일요일),월10:30 - 19:00,화10:30 - 20:30,수10:30 - 19:00,06/06 현충일 휴무접기","https://search.pstatic.net/common/?autoRotate=true&quality=100&type=f640_380&src=https%3A%2F%2Fldb-phinf.pstatic.net%2F20210913_260%2F1631519851978JzxXa_JPEG%2F3M6rurNtFlsCXMZfWw68CNuu.jpg","91","","379","36.3537704","127.3424341","주차","","https://blog.naver.com/drkdj2","22","https://map.naver.com/p/search/%EB%8C%80%EC%A0%84%20%EC%84%9C%EA%B5%AC%20%ED%94%BC%EB%B6%80%EA%B3%BC/place/13111312?c=10.00,0,0,0,dh","","2024-05-23 15:25:07 +0900"
"시티피부과의원","피부과","대전 유성구 도안대로 591 301호","대전 유성구 봉명동 553-4","042-822-9919","","진료 중19:00에 진료 종료19시 0분에 진료 종료,목09:30 - 19:0012:30 - 14:00 휴게시간,금09:30 - 20:00,토09:30 - 14:00,일정기휴무 (매주 일요일),월09:30 - 19:0012:30 - 14:00 휴게시간,화09:30 - 19:0012:30 - 14:00 휴게시간,수09:30 - 19:0012:30 - 14:00 휴게시간,06/06 현충일 휴무접기","https://search.pstatic.net/common/?autoRotate=true&quality=100&type=f640_380&src=https%3A%2F%2Fldb-phinf.pstatic.net%2F20150831_225%2F1441006644540CptLO_JPEG%2F146974497147394_0.jpg","278","","2","36.3529806","127.3407629","예약, 주차, 남/녀 화장실 구분","","","3","https://map.naver.com/p/search/%EB%8C%80%EC%A0%84%20%EC%84%9C%EA%B5%AC%20%ED%94%BC%EB%B6%80%EA%B3%BC/place/12046728?c=10.00,0,0,0,dh","","2024-05-23 15:25:09 +0900"
"삼부의원","피부과","대전 중구 태평로 15 버드내코아 3층 306호","대전 중구 태평동 422-7","042-533-7713","","진료 중17:50에 접수마감17시 50분에 접수마감,목09:00 - 18:0012:30 - 14:00 휴게시간17:50 접수마감,금09:00 - 18:0012:30 - 14:00 휴게시간17:50 접수마감,토09:00 - 13:0012:50 접수마감,일정기휴무 (매주 일요일),월09:00 - 18:0012:30 - 14:00 휴게시간17:50 접수마감,화09:00 - 18:0012:30 - 14:00 휴게시간17:50 접수마감,수09:00 - 18:0012:30 - 14:00 휴게시간17:50 접수마감,06/06 현충일 휴무접기","https://search.pstatic.net/common/?autoRotate=true&quality=100&type=f640_380&src=https%3A%2F%2Fldb-phinf.pstatic.net%2F20220909_4%2F1662711190282ekcYT_JPEG%2FIMG-9162.jpg","362","","216","36.3180542","127.391551","예약, 무선 인터넷, 단체 이용 가능, 남/녀 화장실 구분, 유아시설 (놀이방), 대기공간, 유아의자, 주차","","https://sbuclinic.modoo.at","21","https://map.naver.com/p/search/%EB%8C%80%EC%A0%84%20%EC%84%9C%EA%B5%AC%20%ED%94%BC%EB%B6%80%EA%B3%BC/place/13246485?c=10.00,0,0,0,dh","","2024-05-23 15:25:11 +0900"
"닥터올웨이즈피부과의원","피부과","대전 유성구 대학로 1 5층","대전 유성구 봉명동 552-6","042-322-7778","","진료 중19:00에 진료 종료19시 0분에 진료 종료,목10:00 - 19:0013:00 - 14:00 휴게시간,금10:00 - 20:0013:00 - 14:00 휴게시간,토09:00 - 15:00,일정기휴무 (매주 일요일),월10:00 - 19:0013:00 - 14:00 휴게시간,화10:00 - 20:0013:00 - 14:00 휴게시간,수10:00 - 19:0013:00 - 14:00 휴게시간,06/06 현충일 휴무접기","https://search.pstatic.net/common/?autoRotate=true&quality=100&type=f640_380&src=https%3A%2F%2Fldb-phinf.pstatic.net%2F20220422_210%2F1650612707444Iydal_PNG%2F3.COMBINATION_TYPE%2528kor%2529_%25BF%25C3%25BF%25FE%25C0%25CC%25C1%25EE%25C7%25C7%25BA%25CE%25B0%25FA-01.png","354","","71","36.3541124","127.341164","무선 인터넷, 남/녀 화장실 구분, 예약, 주차","","https://alwaysclinic.modoo.at","46","https://map.naver.com/p/search/%EB%8C%80%EC%A0%84%20%EC%84%9C%EA%B5%AC%20%ED%94%BC%EB%B6%80%EA%B3%BC/place/1489082910?c=10.00,0,0,0,dh","","2024-05-23 15:25:11 +0900"
"조아피부과의원","피부과","대전 유성구 노은로 166 5층 501, 502호","대전 유성구 지족동 901-5","042-822-2075","","진료 중19:00에 진료 종료19시 0분에 진료 종료,목10:00 - 19:0013:00 - 14:00 휴게시간,금10:00 - 19:0013:00 - 14:00 휴게시간,토09:00 - 13:00,일정기휴무 (매주 일요일),월10:00 - 19:0013:00 - 14:00 휴게시간,화10:00 - 19:0013:00 - 14:00 휴게시간,수정기휴무 (매주 수요일),06/06 현충일 휴무,- 6일 (월/임시공휴일) , 7일(화) ,8일(수) 휴진접기","https://search.pstatic.net/common/?autoRotate=true&quality=100&type=f640_380&src=https%3A%2F%2Fldb-phinf.pstatic.net%2F20200914_144%2F1600053990086EJOC7_JPEG%2FgjgwriTobOFsFwYnK77OD7YI.jpg","276","","14","36.3745557","127.3183754","예약, 주차, 무선 인터넷, 남/녀 화장실 구분","","http://www.joaskin.co.kr","2","https://map.naver.com/p/search/%EB%8C%80%EC%A0%84%20%EC%84%9C%EA%B5%AC%20%ED%94%BC%EB%B6%80%EA%B3%BC/place/1267192653?c=10.00,0,0,0,dh","","2024-05-23 15:25:14 +0900"
"연세화온의원","피부과","대전 중구 계백로 1600 척척클리닉 3층 301호","대전 중구 유천동 185-1","042-721-7050","","진료 중19:30에 진료 종료19시 30분에 진료 종료,목09:30 - 19:3013:00 - 14:00 휴게시간,금09:30 - 18:3013:00 - 14:00 휴게시간,토09:00 - 14:00,일정기휴무 (매주 일요일),월09:30 - 19:3013:00 - 14:00 휴게시간,화09:30 - 18:3013:00 - 14:00 휴게시간,수09:00 - 14:00,06/06 현충일 휴무접기","https://search.pstatic.net/common/?autoRotate=true&quality=100&type=f640_380&src=https%3A%2F%2Fldb-phinf.pstatic.net%2F20220913_167%2F16630320884066YK4I_JPEG%2F3.jpg","227","","26","36.3182203","127.3978419","주차, 예약, 무선 인터넷, 남/녀 화장실 구분, 장애인 편의시설","","http://연세화온.com/","13","https://map.naver.com/p/search/%EB%8C%80%EC%A0%84%20%EC%84%9C%EA%B5%AC%20%ED%94%BC%EB%B6%80%EA%B3%BC/place/1128767424?c=10.00,0,0,0,dh","","2024-05-23 15:25:15 +0900"
"럭스피부과의원","피부과","대전 유성구 노은로 178 504호","대전 유성구 지족동 901-2","042-485-1112","","오늘 휴무매주 목요일 휴무매주 목요일 휴무,목정기휴무 (매주 목요일),금10:00 - 20:0013:00 - 14:00 휴게시간,토09:00 - 14:00,일정기휴무 (매주 일요일),월10:00 - 19:0013:00 - 14:00 휴게시간,화10:00 - 19:0013:00 - 14:00 휴게시간,수10:00 - 19:0013:00 - 14:00 휴게시간,06/06 현충일 휴무접기","https://search.pstatic.net/common/?autoRotate=true&quality=100&type=f640_380&src=https%3A%2F%2Fldb-phinf.pstatic.net%2F20240516_183%2F1715832851419I7mIY_PNG%2F%25B7%25B0%25BD%25BA_%25B3%25D7%25C0%25CC%25B9%25F6%25C7%25C3%25B7%25B9%25C0%25CC%25BD%25BA_240516.png","322","","477","36.3756014","127.3185157","예약, 주차","","http://luxskin.co.kr/","4","https://map.naver.com/p/search/%EB%8C%80%EC%A0%84%20%EC%84%9C%EA%B5%AC%20%ED%94%BC%EB%B6%80%EA%B3%BC/place/11889033?c=10.00,0,0,0,dh","","2024-05-23 15:25:16 +0900"
"눈부신의원","피부과","대전 유성구 노은로 174 도원프라자","대전 유성구 지족동 901-3","042-476-8500","","오늘 휴무매주 목요일 휴무매주 목요일 휴무,목정기휴무 (매주 목요일),금10:00 - 18:3012:30 - 14:00 휴게시간,토09:00 - 15:00,일정기휴무 (매주 일요일),월10:00 - 18:3012:30 - 14:00 휴게시간,화정기휴무 (매주 화요일),수10:00 - 18:3012:30 - 14:00 휴게시간,06/06 현충일 휴무접기","https://search.pstatic.net/common/?autoRotate=true&quality=100&type=f640_380&src=https%3A%2F%2Fldb-phinf.pstatic.net%2F20170321_19%2F1490083904817qEJKo_JPEG%2F186267538256482_0.jpeg","466","","98","36.3752608","127.3183698","","","http://nbsskin.com/","8","https://map.naver.com/p/search/%EB%8C%80%EC%A0%84%20%EC%84%9C%EA%B5%AC%20%ED%94%BC%EB%B6%80%EA%B3%BC/place/34375843?c=10.00,0,0,0,dh","","2024-05-23 15:25:18 +0900"
"아름다운미의원","피부과","대전 중구 계백로 1689","대전 중구 오류동 165-6","042-526-7480","","진료 중16:30에 진료 종료16시 30분에 진료 종료,목09:30 - 16:3012:30 - 13:30 휴게시간,금09:30 - 16:3012:30 - 13:30 휴게시간,토09:30 - 12:30,일정기휴무 (매주 일요일),월09:30 - 16:3012:30 - 13:30 휴게시간,화09:30 - 16:3012:30 - 13:30 휴게시간,수09:30 - 16:3012:30 - 13:30 휴게시간,06/06 현충일 휴무접기","https://search.pstatic.net/common/?autoRotate=true&quality=100&type=f640_380&src=https%3A%2F%2Fldb-phinf.pstatic.net%2F20191213_212%2F15762137801787AYD0_JPEG%2Fu_3rQXAZRFVTm-5emCvyF0PY.jpg","95","","2","36.3210965","127.4071349","","","","0","https://map.naver.com/p/search/%EB%8C%80%EC%A0%84%20%EC%84%9C%EA%B5%AC%20%ED%94%BC%EB%B6%80%EA%B3%BC/place/19533183?c=10.00,0,0,0,dh","","2024-05-23 15:25:22 +0900"
"진잠연합의원","내과","대전 유성구 원내로 37","대전 유성구 원내동 228-8","042-543-8100","","진료 중18:30에 진료 종료18시 30분에 진료 종료,목09:00 - 18:30,금09:00 - 18:30,토09:00 - 13:00,일정기휴무 (매주 일요일),월09:00 - 18:30,화09:00 - 18:30,수09:00 - 18:30,06/06 현충일 휴무접기","","126","","1","36.3000689","127.3199099","","","","3","https://map.naver.com/p/search/%EB%8C%80%EC%A0%84%20%EC%84%9C%EA%B5%AC%20%ED%94%BC%EB%B6%80%EA%B3%BC/place/13246628?c=10.00,0,0,0,dh","","2024-05-23 15:25:23 +0900"
"한사랑정형외과의원","정형외과","대전 서구 대덕대로 222 강남프라자 7층,8층,9층","대전 서구 둔산동 1361","0507-1362-1269","","진료 중23:00에 진료 종료23시 0분에 진료 종료,목09:00 - 23:0013:00 - 14:00 휴게시간,금09:00 - 23:0013:00 - 14:00 휴게시간,토09:00 - 23:0013:00 - 14:00 휴게시간,일09:00 - 23:00,월09:00 - 23:0013:00 - 14:00 휴게시간,화09:00 - 23:0013:00 - 14:00 휴게시간,수09:00 - 23:0013:00 - 14:00 휴게시간접기","https://search.pstatic.net/common/?autoRotate=true&quality=100&type=f640_380&src=https%3A%2F%2Fldb-phinf.pstatic.net%2F20240405_5%2F171231687542797PfT_JPEG%2F%25C7%25D1%25BB%25E7%25B6%25FB%25C1%25A4%25C7%25FC%25BF%25DC%25B0%25FA%25C0%25C7%25BF%25F8_%25C0%25C7%25B7%25E1%25C1%25F8_%25B4%25DC%25C3%25BC_%25C0%25CC%25B9%25CC%25C1%25F6_240405-01.jpg","1880","","30","36.352395","127.3796452","남/녀 화장실 구분, 대기공간, 주차","","http://hansarang365os.co.kr","46","https://map.naver.com/p/search/%EB%8C%80%EC%A0%84%20%EC%84%9C%EA%B5%AC%20%ED%94%BC%EB%B6%80%EA%B3%BC/place/1135864708?c=10.00,0,0,0,dh","","2024-05-23 15:25:23 +0900"
"유웰비뇨의학과의원 대전둔산","비뇨의학과","대전 서구 대덕대로234번길 18 지하1층, 지상4,5,6층 (유웰빌딩)","대전 서구 둔산동 1355","1588-8163","","진료 중19:00에 진료 종료19시 0분에 진료 종료,목08:30 - 19:0012:30 - 13:30 휴게시간,금08:30 - 19:0012:30 - 13:30 휴게시간,토08:30 - 14:30,일정기휴무 (매주 일요일),월08:30 - 19:0012:30 - 13:30 휴게시간,화08:30 - 19:0012:30 - 13:30 휴게시간,수08:30 - 19:0012:30 - 13:30 휴게시간,06/06 현충일 휴무,- 365일 24시간 응급쇄석술 시행합니다.접기","https://search.pstatic.net/common/?autoRotate=true&quality=100&type=f640_380&src=https%3A%2F%2Fldb-phinf.pstatic.net%2F20230308_221%2F1678240366856eMU6S_PNG%2F01.png","587","","1148","36.3533434","127.3805242","예약, 주차","","https://www.uwurology.com/","15","https://map.naver.com/p/search/%EB%8C%80%EC%A0%84%20%EC%84%9C%EA%B5%AC%20%ED%94%BC%EB%B6%80%EA%B3%BC/place/1797277860?c=10.00,0,0,0,dh","","2024-05-23 15:25:26 +0900"
"대전을지대학교병원","종합병원","대전 서구 둔산서로 95","대전 서구 둔산동 1306","042-611-3000","","진료 중16:30에 접수마감16시 30분에 접수마감,목08:30 - 17:3012:00 - 13:00 휴게시간16:30 접수마감,금08:30 - 17:3012:00 - 13:00 휴게시간16:30 접수마감,토08:30 - 12:3011:30 접수마감,일정기휴무 (매주 일요일),월08:30 - 17:3012:00 - 13:00 휴게시간16:30 접수마감,화08:30 - 17:3012:00 - 13:00 휴게시간16:30 접수마감,수08:30 - 17:3012:00 - 13:00 휴게시간16:30 접수마감접기","https://search.pstatic.net/common/?autoRotate=true&quality=100&type=f640_380&src=https%3A%2F%2Fldb-phinf.pstatic.net%2F20150831_120%2F1441019797961aKECt_PNG%2F11686917_0.png","518","","268","36.3553609","127.3820744","응급실 운영","","http://www.emc.ac.kr/default.asp","6","https://map.naver.com/p/search/%EB%8C%80%EC%A0%84%20%EC%84%9C%EA%B5%AC%20%ED%94%BC%EB%B6%80%EA%B3%BC/place/11686917?c=10.00,0,0,0,dh","","2024-05-23 15:25:29 +0900"
"리더스내과영상의학과의원","영상의학과","대전 서구 도산로 45 엔젤크리닉 2F,6F","대전 서구 도마1동 174-4","042-586-5200","","진료 중18:00에 진료 종료18시 0분에 진료 종료,목08:00 - 18:0012:40 - 14:00 휴게시간,금08:00 - 18:0012:40 - 14:00 휴게시간,토08:00 - 13:00,일정기휴무 (매주 일요일),월08:00 - 18:0012:40 - 14:00 휴게시간,화08:00 - 18:0012:40 - 14:00 휴게시간,수08:00 - 18:0012:40 - 14:00 휴게시간,06/06 현충일 휴무,- 건강검진 및 진료접수 마감시간은 30분전 입니다,접기","https://search.pstatic.net/common/?autoRotate=true&quality=100&type=f640_380&src=https%3A%2F%2Fldb-phinf.pstatic.net%2F20220513_4%2F1652413249506r12aE_JPEG%2F%25B4%25DC%25C3%25BC-.jpg","1571","","724","36.3126965","127.3801615","예약, 주차, 방문접수/출장","","http://www.mccl.co.kr/","23","https://map.naver.com/p/search/%EB%8C%80%EC%A0%84%20%EC%84%9C%EA%B5%AC%20%ED%94%BC%EB%B6%80%EA%B3%BC/place/11862225?c=10.00,0,0,0,dh","","2024-05-23 15:25:28 +0900"
"마라톤정형외과병원","정형외과","대전 서구 둔산남로 87","대전 서구 둔산동 1424","042-719-1199","","진료 중18:00에 진료 종료18시 0분에 진료 종료,목09:00 - 18:0012:30 - 13:30 휴게시간,금09:00 - 18:0012:30 - 13:30 휴게시간,토09:00 - 17:0012:30 - 13:30 휴게시간,일09:00 - 17:0012:30 - 13:30 휴게시간,월09:00 - 18:0012:30 - 13:30 휴게시간,화09:00 - 18:0012:30 - 13:30 휴게시간,수09:00 - 18:0012:30 - 13:30 휴게시간접기","https://search.pstatic.net/common/?autoRotate=true&quality=100&type=f640_380&src=https%3A%2F%2Fldb-phinf.pstatic.net%2F20191218_102%2F1576657479777cfyRP_JPEG%2FJRWim8y-VGzoJ5WkjpPa6zg_.jpg","348","","744","36.349328","127.3873755","예약, 주차, 남/녀 화장실 구분, 무선 인터넷, 장애인 편의시설","","https://blog.naver.com/kindad","7","https://map.naver.com/p/search/%EB%8C%80%EC%A0%84%20%EC%84%9C%EA%B5%AC%20%ED%94%BC%EB%B6%80%EA%B3%BC/place/1149889867?c=10.00,0,0,0,dh","","2024-05-23 15:25:29 +0900"
"탄방엠블병원","소아청소년과","대전 서구 문정로48번길 70 우리병원빌딩 3층,6층","대전 서구 탄방동 642","1899-2955","","진료 중23:00에 진료 종료23시 0분에 진료 종료,목09:00 - 23:0012:30 - 14:00 휴게시간,금09:00 - 23:0012:30 - 14:00 휴게시간,토09:00 - 18:0012:30 - 14:00 휴게시간,일09:00 - 18:0012:30 - 14:00 휴게시간,월09:00 - 23:0012:30 - 14:00 휴게시간,화09:00 - 23:0012:30 - 14:00 휴게시간,수09:00 - 23:0012:30 - 14:00 휴게시간접기","https://search.pstatic.net/common/?autoRotate=true&quality=100&type=f640_380&src=https%3A%2F%2Fldb-phinf.pstatic.net%2F20210215_191%2F1613356795539qoEz9_JPEG%2FoX6ZRho9rIGoBVApA8LtYYMs.jpg","4083","","363","36.3437064","127.384256","예약, 남/녀 화장실 구분, 주차, 유아시설 (놀이방), 무선 인터넷","","http://tbmblchildren.com/","82","https://map.naver.com/p/search/%EB%8C%80%EC%A0%84%20%EC%84%9C%EA%B5%AC%20%ED%94%BC%EB%B6%80%EA%B3%BC/place/1353661974?c=10.00,0,0,0,dh","","2024-05-23 15:25:31 +0900"
"한사랑365의원","병원,의원","대전 서구 대덕대로 222 5층","대전 서구 둔산동 1361","0507-1444-1443","","진료 중23:00에 진료 종료23시 0분에 진료 종료,목09:00 - 23:0013:00 - 14:00 휴게시간,금09:00 - 23:0013:00 - 14:00 휴게시간,토09:00 - 22:0013:00 - 14:00 휴게시간,일09:00 - 22:0013:00 - 14:00 휴게시간,월09:00 - 23:0013:00 - 14:00 휴게시간,화09:00 - 23:0013:00 - 14:00 휴게시간,수09:00 - 23:0013:00 - 14:00 휴게시간접기","https://search.pstatic.net/common/?autoRotate=true&quality=100&type=f640_380&src=https%3A%2F%2Fldb-phinf.pstatic.net%2F20240422_275%2F1713763098579W9O3P_JPEG%2FIMG_0990-edit.jpg","24","","12","36.3523842","127.379731","남/녀 화장실 구분, 대기공간, 주차","","https://blog.naver.com/hansarang365","3","https://map.naver.com/p/search/%EB%8C%80%EC%A0%84%20%EC%84%9C%EA%B5%AC%20%ED%94%BC%EB%B6%80%EA%B3%BC/place/1189846308?c=10.00,0,0,0,dh","","2024-05-23 15:25:40 +0900"
"유로진비뇨의학과의원 대전","비뇨의학과","대전 서구 둔산로 76 3층","대전 서구 둔산동 1179","0507-1460-4434","","진료 중18:30에 진료 종료18시 30분에 진료 종료,목09:30 - 18:30,금09:30 - 18:30,토09:30 - 15:00,일정기휴무 (매주 일요일),월09:30 - 18:30,화09:30 - 18:30,수09:30 - 18:30,06/06 현충일 휴무접기","https://search.pstatic.net/common/?autoRotate=true&quality=100&type=f640_380&src=https%3A%2F%2Fldb-phinf.pstatic.net%2F20190516_235%2F1557992685368uNHSf_JPEG%2FapikBhwfWBQh9QkjbrHBkDWw.JPG.jpg","51","","296","36.3510471","127.3822281","예약, 주차, 방문접수/출장, 남/녀 화장실 구분","","http://daejeon.urogyn.co.kr/","2","https://map.naver.com/p/search/%EB%8C%80%EC%A0%84%20%EC%84%9C%EA%B5%AC%20%ED%94%BC%EB%B6%80%EA%B3%BC/place/21560010?c=10.00,0,0,0,dh","","2024-05-23 15:25:41 +0900"
"둔산병원 종합검진센터","건강검진","대전 서구 계룡로 568 삼영빌딩 4, 5, 6층","대전 서구 괴정동 3-18","042-488-4671","","진료 중17:00에 진료 종료17시 0분에 진료 종료,목08:00 - 17:0013:00 - 14:00 휴게시간,금08:00 - 17:0013:00 - 14:00 휴게시간,토08:00 - 13:00,일정기휴무 (매주 일요일),월08:00 - 17:0013:00 - 14:00 휴게시간,화08:00 - 17:0013:00 - 14:00 휴게시간,수08:00 - 17:0013:00 - 14:00 휴게시간,06/06 현충일 휴무접기","","767","","39","36.3419689","127.3866712","예약, 주차, 무선 인터넷, 남/녀 화장실 구분","","http://www.dskmi.co.kr/","15","https://map.naver.com/p/search/%EB%8C%80%EC%A0%84%20%EC%84%9C%EA%B5%AC%20%ED%94%BC%EB%B6%80%EA%B3%BC/place/13246238?c=10.00,0,0,0,dh","","2024-05-23 15:25:41 +0900"
"건양대학교병원","종합병원","대전 서구 관저동로 158","대전 서구 관저동 1643","1577-3330","","진료 중17:30에 진료 종료17시 30분에 진료 종료,목08:30 - 17:3012:30 - 13:30 휴게시간,금08:30 - 17:3012:30 - 13:30 휴게시간,토08:30 - 12:30,일정기휴무 (매주 일요일),월08:30 - 17:3012:30 - 13:30 휴게시간,화08:30 - 17:3012:30 - 13:30 휴게시간,수08:30 - 17:3012:30 - 13:30 휴게시간,06/06 현충일 휴무접기","https://search.pstatic.net/common/?autoRotate=true&quality=100&type=f640_380&src=https%3A%2F%2Fldb-phinf.pstatic.net%2F20220207_254%2F1644223103730o7z4Q_JPEG%2F%25BB%25F5%25BA%25B4%25BF%25F8-%25C0%25FC%25B0%25E6_%25BC%25F6%25C1%25A4.jpg","1235","","366","36.306642","127.342613","응급실 운영, 주차, 무선 인터넷, 남/녀 화장실 구분","","https://www.youtube.com/channel/UCJF6ZR9rxjXGnielM0k0aYg","42","https://map.naver.com/p/search/%EB%8C%80%EC%A0%84%20%EC%84%9C%EA%B5%AC%20%ED%94%BC%EB%B6%80%EA%B3%BC/place/12131104?c=10.00,0,0,0,dh","","2024-05-23 15:25:41 +0900"
"조이병원","병원,의원","대전 서구 계룡로553번길 18","대전 서구 탄방동 672","042-485-2235","","진료 중18:00에 휴게시간18시 0분에 휴게시간,목08:00 - 22:0012:30 - 14:00 휴게시간18:00 - 19:00 휴게시간,금08:00 - 22:0012:30 - 14:00 휴게시간18:00 - 19:00 휴게시간,토08:00 - 17:0012:30 - 14:00 휴게시간,일09:00 - 17:0012:30 - 14:00 휴게시간,월08:00 - 22:0012:30 - 14:00 휴게시간18:00 - 19:00 휴게시간,화08:00 - 22:0012:30 - 14:00 휴게시간18:00 - 19:00 휴게시간,수08:00 - 22:0012:30 - 14:00 휴게시간18:00 - 19:00 휴게시간,- 추석당일 휴진, 1월 24일은 08:00부터 진료시작접기","https://search.pstatic.net/common/?autoRotate=true&quality=100&type=f640_380&src=https%3A%2F%2Fldb-phinf.pstatic.net%2F20150831_227%2F1440994393024BTnwn_GIF%2F11540530_0.gif","2286","","73","36.3436367","127.3852896","","","http://www.joey.co.kr/","47","https://map.naver.com/p/search/%EB%8C%80%EC%A0%84%20%EC%84%9C%EA%B5%AC%20%ED%94%BC%EB%B6%80%EA%B3%BC/place/11540530?c=10.00,0,0,0,dh","","2024-05-23 15:25:43 +0900"
"데일리연합의원","내과","대전 서구 관저로 27 4층","대전 서구 관저동 1952-3","042-716-0365","","진료 중21:00에 진료 종료21시 0분에 진료 종료,목08:00 - 21:0012:30 - 13:30 휴게시간,금08:00 - 21:0012:30 - 13:30 휴게시간,토08:00 - 17:0012:30 - 13:30 휴게시간,일09:00 - 17:0012:30 - 13:30 휴게시간,월08:00 - 21:0012:30 - 13:30 휴게시간,화08:00 - 21:0012:30 - 13:30 휴게시간,수08:00 - 21:0012:30 - 13:30 휴게시간접기","https://search.pstatic.net/common/?autoRotate=true&quality=100&type=f640_380&src=https%3A%2F%2Fldb-phinf.pstatic.net%2F20191103_166%2F1572747138716wttDE_JPEG%2F4dWm_oe9FOHLN0eyS5EdpbTe.jpg","709","","68","36.2967679","127.3261342","주차, 남/녀 화장실 구분, 무선 인터넷","","https://blog.naver.com/dailymedicalclinic","32","https://map.naver.com/p/search/%EB%8C%80%EC%A0%84%20%EC%84%9C%EA%B5%AC%20%ED%94%BC%EB%B6%80%EA%B3%BC/place/1637535163?c=10.00,0,0,0,dh","","2024-05-23 15:25:43 +0900"
"김미연아임산부인과의원","산부인과","대전 서구 대덕대로 183 7층 1호","대전 서구 둔산동 1109","042-362-0007","","진료 중19:00에 진료 종료19시 0분에 진료 종료,목10:00 - 19:0013:00 - 14:00 휴게시간,금10:00 - 19:0013:00 - 14:00 휴게시간,토09:00 - 13:00,일정기휴무 (매주 일요일),월10:00 - 19:0013:00 - 14:00 휴게시간,화10:00 - 19:0013:00 - 14:00 휴게시간,수10:00 - 19:0013:00 - 14:00 휴게시간,06/06 현충일 휴무접기","https://search.pstatic.net/common/?autoRotate=true&quality=100&type=f640_380&src=https%3A%2F%2Fldb-phinf.pstatic.net%2F20210705_130%2F1625454528191gKDuj_JPEG%2FupdGIOe8RUtbrwj2QmPTc4c4.jpg","642","","145","36.3497583","127.377029","남/녀 화장실 구분, 무선 인터넷","","http://imgyclinic.com","13","https://map.naver.com/p/search/%EB%8C%80%EC%A0%84%20%EC%84%9C%EA%B5%AC%20%ED%94%BC%EB%B6%80%EA%B3%BC/place/1337207612?c=10.00,0,0,0,dh","","2024-05-23 15:25:45 +0900"
"가톨릭병원","정형외과","대전 서구 도산로 351","대전 서구 용문동 276-4","042-537-0222","","진료 중18:30에 진료 종료18시 30분에 진료 종료,목09:00 - 18:3012:30 - 13:30 휴게시간,금09:00 - 18:3012:30 - 13:30 휴게시간,토09:00 - 15:00,일정기휴무 (매주 일요일),월09:00 - 18:3012:30 - 13:30 휴게시간,화09:00 - 18:3012:30 - 13:30 휴게시간,수09:00 - 18:3012:30 - 13:30 휴게시간,06/06 현충일 휴무,- 대체공휴일 : 오전 9시 ~ 오후 1시 근무접기","https://search.pstatic.net/common/?autoRotate=true&quality=100&type=f640_380&src=https%3A%2F%2Fldb-phinf.pstatic.net%2F20150901_254%2F1441047161910hMRNC_JPEG%2F106859517740984_0.jpg","226","","903","36.336421","127.3903402","","","http://www.dcoh.co.kr/","5","https://map.naver.com/p/search/%EB%8C%80%EC%A0%84%20%EC%84%9C%EA%B5%AC%20%ED%94%BC%EB%B6%80%EA%B3%BC/place/12993183?c=10.00,0,0,0,dh","","2024-05-23 15:25:49 +0900"
"굿모닝한방병원","한방병원","대전 서구 둔산로123번길 21 11층, 12층","대전 서구 둔산동 1407","042-471-0001","","진료 중20:00에 진료 종료20시 0분에 진료 종료,목09:00 - 20:0013:00 - 14:00 휴게시간,금09:00 - 20:0013:00 - 14:00 휴게시간,토09:00 - 15:00,일09:00 - 14:00,월09:00 - 20:0013:00 - 14:00 휴게시간,화09:00 - 20:0013:00 - 14:00 휴게시간,수09:00 - 20:0013:00 - 14:00 휴게시간접기","https://search.pstatic.net/common/?autoRotate=true&quality=100&type=f640_380&src=https%3A%2F%2Fldb-phinf.pstatic.net%2F20210808_130%2F1628389265925nh999_JPEG%2FZJeZtLGi7k9DdCy6GO1vFnTc.jpg","333","","188","36.352251","127.3872557","주차, 무선 인터넷, 예약, 남/녀 화장실 구분","","https://www.gmclinic.co.kr","45","https://map.naver.com/p/search/%EB%8C%80%EC%A0%84%20%EC%84%9C%EA%B5%AC%20%ED%94%BC%EB%B6%80%EA%B3%BC/place/1362964236?c=10.00,0,0,0,dh","","2024-05-23 15:25:50 +0900"
"관저 한사랑의원","병원,의원","대전 서구 관저동로105번길 8 1층","대전 서구 관저동 1200","042-369-1269","","진료 중22:00에 진료 종료22시 0분에 진료 종료,목09:00 - 22:0013:00 - 14:00 휴게시간,금09:00 - 22:0013:00 - 14:00 휴게시간,토10:00 - 17:0013:00 - 14:00 휴게시간,일10:00 - 17:0013:00 - 14:00 휴게시간,월09:00 - 22:0013:00 - 14:00 휴게시간,화09:00 - 22:0013:00 - 14:00 휴게시간,수09:00 - 22:0013:00 - 14:00 휴게시간,- 365일 연중무휴 ( 주말, 명절 ) 진료접기","https://search.pstatic.net/common/?autoRotate=true&quality=100&type=f640_380&src=https%3A%2F%2Fldb-phinf.pstatic.net%2F20220429_129%2F1651230600566sG5xn_JPEG%2FIMG_3756-edit-size_edit.jpg","691","","14","36.3015999","127.3401952","주차, 남/녀 화장실 구분","","http://hansarang365.co.kr","21","https://map.naver.com/p/search/%EB%8C%80%EC%A0%84%20%EC%84%9C%EA%B5%AC%20%ED%94%BC%EB%B6%80%EA%B3%BC/place/1188879787?c=10.00,0,0,0,dh","","2024-05-23 15:25:50 +0900"
"에스앤케이병원","정형외과","대전 서구 둔산북로 36 대영프라자 3, 5층","대전 서구 둔산동 963","0507-1371-9019","","진료 중18:00에 진료 종료18시 0분에 진료 종료,목09:00 - 18:0012:30 - 13:30 휴게시간,금09:00 - 18:0012:30 - 13:30 휴게시간,토09:00 - 14:00,일정기휴무 (매주 일요일),월09:00 - 18:0012:30 - 13:30 휴게시간,화09:00 - 18:0012:30 - 13:30 휴게시간,수09:00 - 18:0012:30 - 13:30 휴게시간,06/06 현충일 휴무,- 내원고객수에 따라 진료가 일찍 마감될 수 있습니다.접기","https://search.pstatic.net/common/?autoRotate=true&quality=100&type=f640_380&src=https%3A%2F%2Fldb-phinf.pstatic.net%2F20240116_273%2F1705391762105jCIGj_JPEG%2F%25BA%25B4%25BF%25F8%25BB%25E7%25C1%25F8%25B4%25EB%25C7%25A51.jpg","186","","527","36.3553354","127.378454","예약, 무선 인터넷, 남/녀 화장실 구분, 대기공간, 주차","","http://www.skhospital.org/","0","https://map.naver.com/p/search/%EB%8C%80%EC%A0%84%20%EC%84%9C%EA%B5%AC%20%ED%94%BC%EB%B6%80%EA%B3%BC/place/16234024?c=10.00,0,0,0,dh","","2024-05-23 15:25:54 +0900"
"연세다나의원","병원,의원","대전 유성구 진잠로74번길 53","대전 유성구 원내동 309-11","042-545-8275","","진료 중19:00에 진료 종료19시 0분에 진료 종료,목09:00 - 19:0012:30 - 13:30 휴게시간,금09:00 - 19:0012:30 - 13:30 휴게시간,토09:00 - 16:0012:30 - 13:30 휴게시간,일09:00 - 16:0012:30 - 13:30 휴게시간,월09:00 - 19:0012:30 - 13:30 휴게시간,화09:00 - 19:0012:30 - 13:30 휴게시간,수09:00 - 12:30,- 24/7/10(수)~7/12(금) 휴진입니다.접기","https://search.pstatic.net/common/?autoRotate=true&quality=100&type=f640_380&src=https%3A%2F%2Fldb-phinf.pstatic.net%2F20230116_53%2F1673832725629TKbTj_JPEG%2F20230116_102731.jpg","400","","9","36.2990019","127.3195423","","","https://blog.naver.com/dustpeksk","9","https://map.naver.com/p/search/%EB%8C%80%EC%A0%84%20%EC%84%9C%EA%B5%AC%20%ED%94%BC%EB%B6%80%EA%B3%BC/place/13246656?c=10.00,0,0,0,dh","","2024-05-23 15:25:55 +0900"
"쎈비뇨기과의원","비뇨의학과","대전 서구 둔산중로 50 파이낸스빌딩 4층","대전 서구 둔산동 1413","042-483-3690","","진료 중18:30에 진료 종료18시 30분에 진료 종료,목09:00 - 18:3012:30 - 14:00 휴게시간,금09:00 - 18:3012:30 - 14:00 휴게시간,토09:00 - 13:00,일09:00 - 13:00,월09:00 - 18:3012:30 - 14:00 휴게시간,화09:00 - 18:3012:30 - 14:00 휴게시간,수09:00 - 18:3012:30 - 14:00 휴게시간,- 24시까지 요로결석 전화상담 치료/예약없이 당일진료가능접기","https://search.pstatic.net/common/?autoRotate=true&quality=100&type=f640_380&src=https%3A%2F%2Fldb-phinf.pstatic.net%2F20150831_175%2F1441010673748F5ae0_JPEG%2F166554534259599_1.jpg","246","","239","36.3510224","127.3871573","주차, 남/녀 화장실 구분","","http://www.ssenuro.co.kr/","5","https://map.naver.com/p/search/%EB%8C%80%EC%A0%84%20%EC%84%9C%EA%B5%AC%20%ED%94%BC%EB%B6%80%EA%B3%BC/place/13246093?c=10.00,0,0,0,dh","","2024-05-23 15:25:55 +0900"
"상상의원 대전점","병원,의원","대전 서구 대덕대로 203 미래빌딩 2층","대전 서구 둔산동 1040","042-487-8400","","진료 중19:00에 접수마감19시 0분에 접수마감,목10:00 - 20:0019:00 접수마감,금10:00 - 20:0019:00 접수마감,토10:00 - 17:0016:00 접수마감,일정기휴무 (매주 일요일),월10:00 - 20:0019:00 접수마감,화10:00 - 20:0019:00 접수마감,수10:00 - 20:0019:00 접수마감접기","https://search.pstatic.net/common/?autoRotate=true&quality=100&type=f640_380&src=https%3A%2F%2Fldb-phinf.pstatic.net%2F20221018_74%2F1666055266403vJirl_PNG%2F20220117_105521_%25C3%25D6%25C1%25BE.png","607","","42","36.3512473","127.3778979","단체 이용 가능, 주차, 예약, 무선 인터넷, 남/녀 화장실 구분","","https://www.ssppeum2.com/","33","https://map.naver.com/p/search/%EB%8C%80%EC%A0%84%20%EC%84%9C%EA%B5%AC%20%ED%94%BC%EB%B6%80%EA%B3%BC/place/1462079766?c=10.00,0,0,0,dh","","2024-05-23 15:25:58 +0900"
"둔산싱싱튼튼의원","정형외과","대전 서구 문정로 134 2층","대전 서구 탄방동 1026","042-716-5656","","진료 중23:55에 진료 종료23시 55분에 진료 종료,목10:00 - 23:5513:00 - 14:00 휴게시간,금10:00 - 23:5513:00 - 14:00 휴게시간,토10:00 - 18:00,일10:00 - 18:00,월10:00 - 19:0013:00 - 14:00 휴게시간,화10:00 - 19:0013:00 - 14:00 휴게시간,수10:00 - 23:5513:00 - 14:00 휴게시간접기","https://search.pstatic.net/common/?autoRotate=true&quality=100&type=f640_380&src=https%3A%2F%2Fldb-phinf.pstatic.net%2F20221023_299%2F1666505676008DxE5n_PNG%2F%25BD%25CC%25BD%25CC%25C6%25B0%25C6%25B0%25B8%25DE%25C0%25CE.png","575","","141","36.3464946","127.3941564","주차, 무선 인터넷, 남/녀 화장실 구분","","https://singsingtenten.modoo.at","30","https://map.naver.com/p/search/%EB%8C%80%EC%A0%84%20%EC%84%9C%EA%B5%AC%20%ED%94%BC%EB%B6%80%EA%B3%BC/place/34331792?c=10.00,0,0,0,dh","","2024-05-23 15:26:15 +0900"
"삼성흉부외과의원","흉부외과","대전 서구 대덕대로 183","대전 서구 둔산동 1109","0507-1407-3075","","진료 중19:00에 진료 종료19시 0분에 진료 종료,목09:00 - 19:0013:00 - 14:00 휴게시간,금09:00 - 19:0013:00 - 14:00 휴게시간,토09:00 - 17:0013:00 - 14:00 휴게시간,일정기휴무 (매주 일요일),월09:00 - 19:0013:00 - 14:00 휴게시간,화09:00 - 19:0013:00 - 14:00 휴게시간,수09:00 - 19:0013:00 - 14:00 휴게시간,06/06 현충일 휴무접기","https://search.pstatic.net/common/?autoRotate=true&quality=100&type=f640_380&src=https%3A%2F%2Fldb-phinf.pstatic.net%2F20150831_25%2F1440995029769R9Xep_JPEG%2FSUBMIT_1415605285933_11549082.jpg","469","","1185","36.3496811","127.3770756","주차, 남/녀 화장실 구분","","http://www.veindoc.co.kr/","15","https://map.naver.com/p/search/%EB%8C%80%EC%A0%84%20%EC%84%9C%EA%B5%AC%20%ED%94%BC%EB%B6%80%EA%B3%BC/place/11549082?c=10.00,0,0,0,dh","","2024-05-23 15:26:22 +0900"
"무료 체험 기간 중 최대 100개의 결과만 다운로드 가능합니다. BASIC 상품을 결제하시면 즉시 모든 데이터를 다운로드 받을 수 있습니다.","","","","","","","","","","","","","","","","","","",""
"https://www.hashscraper.com/pricing","","","","","","","","","","","","","","","","","","",""
